Workbook

Sheet วิเคราะห์ข้อมูล
A1: ผลรวม ของ จำนวน | C1: เดือน | J1: STOCK | K1: MAX | L1: MIN | M1: AVG | N1: สินค้าที่ต้อง | O1: ยอดขายรายสาขา | S1: STOCK รายสาขา | W1: ความต้องการเพิ่ม | AA1: วันที่ผลิต
A2: รหัสสินค้า | B2: รายละเอียดสินค้า | C2: มกราคม | D2: กุมภาพันธ์ | E2: มีนาคม | F2: เมษายน | G2: พฤษภาคม | H2: มิถุนายน | I2: ผลรวมทั้งหมด | N2: ส่งไปเพิ่ม | O2: 340 | P2: ราชพฤกษ | Q2: บางใหญ่ | R2: บางบอน | S2: 340 | T2: ราชพฤกษ | U2: บางใหญ่ | V2: บางบอน | W2: 340 | X2: ราชพฤกษ | Y2: บางใหญ่ | Z2: บางบอน
A3: ผลรวมทั้งหมด | C3: =SUBTOTAL(9,C4:C1275) -> 3285 | D3: =SUBTOTAL(9,D4:D1275) -> 2868 | E3: =SUBTOTAL(9,E4:E1275) -> 3048 | F3: =SUBTOTAL(9,F4:F1275) -> 3028 | G3: =SUBTOTAL(9,G4:G1275) -> 3019 | H3: =SUBTOTAL(9,H4:H1275) -> 608 | I3: =SUBTOTAL(9,I4:I1275) -> 15856 | J3: =SUBTOTAL(9,J4:J1275) -> 64263 | ... M3: =SUBTOTAL(9,M4:M1275) -> 3049.6 | N3: สำหรับชาย
N4: ทุกสาขา
A5: รหัสสินค้า | B5: รายละเอียดสินค้า
A6: 019-I5-1 | B6: * แร็ค 111 SR-5470 I/S D-MAX ALL NEW 2WD12-on*M14 | C6: =SUMIFS('DATA UPDATE'!$L:$L,'DATA UPDATE'!$E:$E,วิเคราะห์ข้อมูล!A6,'DATA UPDATE'!$B:$B,วิเคราะห์ข้อมูล!$C$2) -> 1 | D6: =SUMIFS('DATA UPDATE'!$L:$L,'DATA UPDATE'!$E:$E,A6,'DATA UPDATE'!$B:$B,$D$2) -> 0 | E6: =SUMIFS('DATA UPDATE'!$L:$L,'DATA UPDATE'!$E:$E,A6,'DATA UPDATE'!$B:$B,$E$2) -> 0 | F6: =SUMIFS('DATA UPDATE'!$L:$L,'DATA UPDATE'!$E:$E,A6,'DATA UPDATE'!$B:$B,$F$2) -> 0 | G6: =SUMIFS('DATA UPDATE'!$L:$L,'DATA UPDATE'!$E:$E,A6,'DATA UPDATE'!$B:$B,$G$2) -> 0 | H6: =SUMIFS('DATA UPDATE'!$L:$L,'DATA UPDATE'!$E:$E,A6,'DATA UPDATE'!$B:$B,$H$2) -> 0 | I6: =SUM(C6:H6) -> 1 | J6: =SUMIFS('UPDATE STOCK'!F:F,'UPDATE STOCK'!A:A,วิเคราะห์ข้อมูล!A6) -> 3 | K6: =MAX(C6:G6) -> 1 | L6: =MIN(C6:G6) -> 0 | M6: =AVERAGE(C6:G6) -> 0.2 | N6: =M6-J6 -> -2.8 | O6: =SUMIFS('DATA UPDATE'!$L:$L,'DATA UPDATE'!$E:$E,วิเคราะห์ข้อมูล!A6,'DATA UPDATE'!$T:$T,วิเคราะห์ข้อมูล!$O$2) -> 1 | P6: =SUMIFS('DATA UPDATE'!$L:$L,'DATA UPDATE'!$E:$E,วิเคราะห์ข้อมูล!A6,'DATA UPDATE'!$T:$T,วิเคราะห์ข้อมูล!$P$2) -> 0 | Q6: =SUMIFS('DATA UPDATE'!$L:$L,'DATA UPDATE'!$E:$E,วิเคราะห์ข้อมูล!A6,'DATA UPDATE'!$T:$T,วิเคราะห์ข้อมูล!$Q$2) -> 0 | R6: =SUMIFS('DATA UPDATE'!$L:$L,'DATA UPDATE'!$D:$D,วิเคราะห์ข้อมูล!A6,'DATA UPDATE'!$T:$T,วิเคราะห์ข้อมูล!$R$2) -> 0 | S6: =SUMIFS('UPDATE STOCK'!$F:$F,'UPDATE STOCK'!$A:$A,A6,'UPDATE STOCK'!$G:$G,$S$2) -> 1 | T6: =SUMIFS('UPDATE STOCK'!$F:$F,'UPDATE STOCK'!$A:$A,A6,'UPDATE STOCK'!$G:$G,$T$2) -> 0 | U6: =SUMIFS('UPDATE STOCK'!$F:$F,'UPDATE STOCK'!$A:$A,วิเคราะห์ข้อมูล!A6,'UPDATE STOCK'!$G:$G,$U$2) -> 2 | V6: =SUMIFS('UPDATE STOCK'!$F:$F,'UPDATE STOCK'!$A:$A,วิเคราะห์ข้อมูล!A6,'UPDATE STOCK'!$G:$G,$V$2) -> 0
A7: 077-T2-114 | B7: * ดิสเบรคหน้า DPX-694 T/A HILUX REVO 2WD (F) | C7: =SUMIFS('DATA UPDATE'!$L:$L,'DATA UPDATE'!$E:$E,วิเคราะห์ข้อมูล!A7,'DATA UPDATE'!$B:$B,วิเคราะห์ข้อมูล!$C$2) -> 0 | D7: =SUMIFS('DATA UPDATE'!$L:$L,'DATA UPDATE'!$E:$E,A7,'DATA UPDATE'!$B:$B,$D$2) -> 5 | E7: =SUMIFS('DATA UPDATE'!$L:$L,'DATA UPDATE'!$E:$E,A7,'DATA UPDATE'!$B:$B,$E$2) -> 1 | F7: =SUMIFS('DATA UPDATE'!$L:$L,'DATA UPDATE'!$E:$E,A7,'DATA UPDATE'!$B:$B,$F$2) -> 0 | G7: =SUMIFS('DATA UPDATE'!$L:$L,'DATA UPDATE'!$E:$E,A7,'DATA UPDATE'!$B:$B,$G$2) -> 0 | H7: =SUMIFS('DATA UPDATE'!$L:$L,'DATA UPDATE'!$E:$E,A7,'DATA UPDATE'!$B:$B,$H$2) -> 0 | I7: =SUM(C7:H7) -> 6 | J7: =SUMIFS('UPDATE STOCK'!F:F,'UPDATE STOCK'!A:A,วิเคราะห์ข้อมูล!A7) -> 12 | K7: =MAX(C7:G7) -> 5 | L7: =MIN(C7:G7) -> 0 | M7: =AVERAGE(C7:G7) -> 1.2 | N7: =M7-J7 -> -10.8 | O7: =SUMIFS('DATA UPDATE'!$L:$L,'DATA UPDATE'!$E:$E,วิเคราะห์ข้อมูล!A7,'DATA UPDATE'!$T:$T,วิเคราะห์ข้อมูล!$O$2) -> 4 | P7: =SUMIFS('DATA UPDATE'!$L:$L,'DATA UPDATE'!$E:$E,วิเคราะห์ข้อมูล!A7,'DATA UPDATE'!$T:$T,วิเคราะห์ข้อมูล!$P$2) -> 0 | Q7: =SUMIFS('DATA UPDATE'!$L:$L,'DATA UPDATE'!$E:$E,วิเคราะห์ข้อมูล!A7,'DATA UPDATE'!$T:$T,วิเคราะห์ข้อมูล!$Q$2) -> 0 | R7: =SUMIFS('DATA UPDATE'!$L:$L,'DATA UPDATE'!$D:$D,วิเคราะห์ข้อมูล!A7,'DATA UPDATE'!$T:$T,วิเคราะห์ข้อมูล!$R$2) -> 0 | S7: =SUMIFS('UPDATE STOCK'!$F:$F,'UPDATE STOCK'!$A:$A,A7,'UPDATE STOCK'!$G:$G,$S$2) -> 5 | T7: =SUMIFS('UPDATE STOCK'!$F:$F,'UPDATE STOCK'!$A:$A,A7,'UPDATE STOCK'!$G:$G,$T$2) -> 0 | U7: =SUMIFS('UPDATE STOCK'!$F:$F,'UPDATE STOCK'!$A:$A,วิเคราะห์ข้อมูล!A7,'UPDATE STOCK'!$G:$G,$U$2) -> 4 | V7: =SUMIFS('UPDATE STOCK'!$F:$F,'UPDATE STOCK'!$A:$A,วิเคราะห์ข้อมูล!A7,'UPDATE STOCK'!$G:$G,$V$2) -> 0
A8: 131-10-23 | B8: *555 SL-3880ลูกหมากกันโคลงT/YVIGO 2 WD(48820-0X010^0K010) | C8: =SUMIFS('DATA UPDATE'!$L:$L,'DATA UPDATE'!$E:$E,วิเคราะห์ข้อมูล!A8,'DATA UPDATE'!$B:$B,วิเคราะห์ข้อมูล!$C$2) -> 0 | D8: =SUMIFS('DATA UPDATE'!$L:$L,'DATA UPDATE'!$E:$E,A8,'DATA UPDATE'!$B:$B,$D$2) -> 0 | E8: =SUMIFS('DATA UPDATE'!$L:$L,'DATA UPDATE'!$E:$E,A8,'DATA UPDATE'!$B:$B,$E$2) -> 0 | F8: =SUMIFS('DATA UPDATE'!$L:$L,'DATA UPDATE'!$E:$E,A8,'DATA UPDATE'!$B:$B,$F$2) -> 0 | G8: =SUMIFS('DATA UPDATE'!$L:$L,'DATA UPDATE'!$E:$E,A8,'DATA UPDATE'!$B:$B,$G$2) -> 2 | H8: =SUMIFS('DATA UPDATE'!$L:$L,'DATA UPDATE'!$E:$E,A8,'DATA UPDATE'!$B:$B,$H$2) -> 0 | I8: =SUM(C8:H8) -> 2 | J8: =SUMIFS('UPDATE STOCK'!F:F,'UPDATE STOCK'!A:A,วิเคราะห์ข้อมูล!A8) -> 6 | K8: =MAX(C8:G8) -> 2 | L8: =MIN(C8:G8) -> 0 | M8: =AVERAGE(C8:G8) -> 0.4 | N8: =M8-J8 -> -5.6 | O8: =SUMIFS('DATA UPDATE'!$L:$L,'DATA UPDATE'!$E:$E,วิเคราะห์ข้อมูล!A8,'DATA UPDATE'!$T:$T,วิเคราะห์ข้อมูล!$O$2) -> 0 | P8: =SUMIFS('DATA UPDATE'!$L:$L,'DATA UPDATE'!$E:$E,วิเคราะห์ข้อมูล!A8,'DATA UPDATE'!$T:$T,วิเคราะห์ข้อมูล!$P$2) -> 0 | Q8: =SUMIFS('DATA UPDATE'!$L:$L,'DATA UPDATE'!$E:$E,วิเคราะห์ข้อมูล!A8,'DATA UPDATE'!$T:$T,วิเคราะห์ข้อมูล!$Q$2) -> 2 | R8: =SUMIFS('DATA UPDATE'!$L:$L,'DATA UPDATE'!$D:$D,วิเคราะห์ข้อมูล!A8,'DATA UPDATE'!$T:$T,วิเคราะห์ข้อมูล!$R$2) -> 0 | S8: =SUMIFS('UPDATE STOCK'!$F:$F,'UPDATE STOCK'!$A:$A,A8,'UPDATE STOCK'!$G:$G,$S$2) -> 4 | T8: =SUMIFS('UPDATE STOCK'!$F:$F,'UPDATE STOCK'!$A:$A,A8,'UPDATE STOCK'!$G:$G,$T$2) -> 2 | U8: =SUMIFS('UPDATE STOCK'!$F:$F,'UPDATE STOCK'!$A:$A,วิเคราะห์ข้อมูล!A8,'UPDATE STOCK'!$G:$G,$U$2) -> 0 | V8: =SUMIFS('UPDATE STOCK'!$F:$F,'UPDATE STOCK'!$A:$A,วิเคราะห์ข้อมูล!A8,'UPDATE STOCK'!$G:$G,$V$2) -> 0
A9: 133-T2-4 | B9: *90916-T2006 สายพานเครื่อง VIGO แท้ (7PK1516 BANDO) | C9: =SUMIFS('DATA UPDATE'!$L:$L,'DATA UPDATE'!$E:$E,วิเคราะห์ข้อมูล!A9,'DATA UPDATE'!$B:$B,วิเคราะห์ข้อมูล!$C$2) -> 1 | D9: =SUMIFS('DATA UPDATE'!$L:$L,'DATA UPDATE'!$E:$E,A9,'DATA UPDATE'!$B:$B,$D$2) -> 0 | E9: =SUMIFS('DATA UPDATE'!$L:$L,'DATA UPDATE'!$E:$E,A9,'DATA UPDATE'!$B:$B,$E$2) -> 1 | F9: =SUMIFS('DATA UPDATE'!$L:$L,'DATA UPDATE'!$E:$E,A9,'DATA UPDATE'!$B:$B,$F$2) -> 0 | G9: =SUMIFS('DATA UPDATE'!$L:$L,'DATA UPDATE'!$E:$E,A9,'DATA UPDATE'!$B:$B,$G$2) -> 1 | H9: =SUMIFS('DATA UPDATE'!$L:$L,'DATA UPDATE'!$E:$E,A9,'DATA UPDATE'!$B:$B,$H$2) -> 0 | I9: =SUM(C9:H9) -> 3 | J9: =SUMIFS('UPDATE STOCK'!F:F,'UPDATE STOCK'!A:A,วิเคราะห์ข้อมูล!A9) -> 3 | K9: =MAX(C9:G9) -> 1 | L9: =MIN(C9:G9) -> 0 | M9: =AVERAGE(C9:G9) -> 0.6 | N9: =M9-J9 -> -2.4 | O9: =SUMIFS('DATA UPDATE'!$L:$L,'DATA UPDATE'!$E:$E,วิเคราะห์ข้อมูล!A9,'DATA UPDATE'!$T:$T,วิเคราะห์ข้อมูล!$O$2) -> 2 | P9: =SUMIFS('DATA UPDATE'!$L:$L,'DATA UPDATE'!$E:$E,วิเคราะห์ข้อมูล!A9,'DATA UPDATE'!$T:$T,วิเคราะห์ข้อมูล!$P$2) -> 0 | Q9: =SUMIFS('DATA UPDATE'!$L:$L,'DATA UPDATE'!$E:$E,วิเคราะห์ข้อมูล!A9,'DATA UPDATE'!$T:$T,วิเคราะห์ข้อมูล!$Q$2) -> 1 | R9: =SUMIFS('DATA UPDATE'!$L:$L,'DATA UPDATE'!$D:$D,วิเคราะห์ข้อมูล!A9,'DATA UPDATE'!$T:$T,วิเคราะห์ข้อมูล!$R$2) -> 0 | S9: =SUMIFS('UPDATE STOCK'!$F:$F,'UPDATE STOCK'!$A:$A,A9,'UPDATE STOCK'!$G:$G,$S$2) -> 2 | T9: =SUMIFS('UPDATE STOCK'!$F:$F,'UPDATE STOCK'!$A:$A,A9,'UPDATE STOCK'!$G:$G,$T$2) -> 0 | U9: =SUMIFS('UPDATE STOCK'!$F:$F,'UPDATE STOCK'!$A:$A,วิเคราะห์ข้อมูล!A9,'UPDATE STOCK'!$G:$G,$U$2) -> 1 | V9: =SUMIFS('UPDATE STOCK'!$F:$F,'UPDATE STOCK'!$A:$A,วิเคราะห์ข้อมูล!A9,'UPDATE STOCK'!$G:$G,$V$2) -> 0
A10: 128-CMF-56638 | B10: *SOLITE แบตแห้ง CMF DIN66L L3 | C10: =SUMIFS('DATA UPDATE'!$L:$L,'DATA UPDATE'!$E:$E,วิเคราะห์ข้อมูล!A10,'DATA UPDATE'!$B:$B,วิเคราะห์ข้อมูล!$C$2) -> 1 | D10: =SUMIFS('DATA UPDATE'!$L:$L,'DATA UPDATE'!$E:$E,A10,'DATA UPDATE'!$B:$B,$D$2) -> 1 | E10: =SUMIFS('DATA UPDATE'!$L:$L,'DATA UPDATE'!$E:$E,A10,'DATA UPDATE'!$B:$B,$E$2) -> 0 | F10: =SUMIFS('DATA UPDATE'!$L:$L,'DATA UPDATE'!$E:$E,A10,'DATA UPDATE'!$B:$B,$F$2) -> 0 | G10: =SUMIFS('DATA UPDATE'!$L:$L,'DATA UPDATE'!$E:$E,A10,'DATA UPDATE'!$B:$B,$G$2) -> 0 | H10: =SUMIFS('DATA UPDATE'!$L:$L,'DATA UPDATE'!$E:$E,A10,'DATA UPDATE'!$B:$B,$H$2) -> 0 | I10: =SUM(C10:H10) -> 2 | J10: =SUMIFS('UPDATE STOCK'!F:F,'UPDATE STOCK'!A:A,วิเคราะห์ข้อมูล!A10) -> 0 | K10: =MAX(C10:G10) -> 1 | L10: =MIN(C10:G10) -> 0 | M10: =AVERAGE(C10:G10) -> 0.4 | N10: =M10-J10 -> 0.4 | O10: =SUMIFS('DATA UPDATE'!$L:$L,'DATA UPDATE'!$E:$E,วิเคราะห์ข้อมูล!A10,'DATA UPDATE'!$T:$T,วิเคราะห์ข้อมูล!$O$2) -> 1 | P10: =SUMIFS('DATA UPDATE'!$L:$L,'DATA UPDATE'!$E:$E,วิเคราะห์ข้อมูล!A10,'DATA UPDATE'!$T:$T,วิเคราะห์ข้อมูล!$P$2) -> 0 | Q10: =SUMIFS('DATA UPDATE'!$L:$L,'DATA UPDATE'!$E:$E,วิเคราะห์ข้อมูล!A10,'DATA UPDATE'!$T:$T,วิเคราะห์ข้อมูล!$Q$2) -> 0 | R10: =SUMIFS('DATA UPDATE'!$L:$L,'DATA UPDATE'!$D:$D,วิเคราะห์ข้อมูล!A10,'DATA UPDATE'!$T:$T,วิเคราะห์ข้อมูล!$R$2) -> 0 | S10: =SUMIFS('UPDATE STOCK'!$F:$F,'UPDATE STOCK'!$A:$A,A10,'UPDATE STOCK'!$G:$G,$S$2) -> 0 | T10: =SUMIFS('UPDATE STOCK'!$F:$F,'UPDATE STOCK'!$A:$A,A10,'UPDATE STOCK'!$G:$G,$T$2) -> 0 | U10: =SUMIFS('UPDATE STOCK'!$F:$F,'UPDATE STOCK'!$A:$A,วิเคราะห์ข้อมูล!A10,'UPDATE STOCK'!$G:$G,$U$2) -> 0 | V10: =SUMIFS('UPDATE STOCK'!$F:$F,'UPDATE STOCK'!$A:$A,วิเคราะห์ข้อมูล!A10,'UPDATE STOCK'!$G:$G,$V$2) -> 0
A11: 128-UMF-56219 | B11: *SOLITE แบตแห้ง Silver DIN65L L2 | C11: =SUMIFS('DATA UPDATE'!$L:$L,'DATA UPDATE'!$E:$E,วิเคราะห์ข้อมูล!A11,'DATA UPDATE'!$B:$B,วิเคราะห์ข้อมูล!$C$2) -> 0 | D11: =SUMIFS('DATA UPDATE'!$L:$L,'DATA UPDATE'!$E:$E,A11,'DATA UPDATE'!$B:$B,$D$2) -> 0 | E11: =SUMIFS('DATA UPDATE'!$L:$L,'DATA UPDATE'!$E:$E,A11,'DATA UPDATE'!$B:$B,$E$2) -> 0 | F11: =SUMIFS('DATA UPDATE'!$L:$L,'DATA UPDATE'!$E:$E,A11,'DATA UPDATE'!$B:$B,$F$2) -> 1 | G11: =SUMIFS('DATA UPDATE'!$L:$L,'DATA UPDATE'!$E:$E,A11,'DATA UPDATE'!$B:$B,$G$2) -> 0 | H11: =SUMIFS('DATA UPDATE'!$L:$L,'DATA UPDATE'!$E:$E,A11,'DATA UPDATE'!$B:$B,$H$2) -> 0 | I11: =SUM(C11:H11) -> 1 | J11: =SUMIFS('UPDATE STOCK'!F:F,'UPDATE STOCK'!A:A,วิเคราะห์ข้อมูล!A11) -> 0 | K11: =MAX(C11:G11) -> 1 | L11: =MIN(C11:G11) -> 0 | M11: =AVERAGE(C11:G11) -> 0.2 | N11: =M11-J11 -> 0.2 | O11: =SUMIFS('DATA UPDATE'!$L:$L,'DATA UPDATE'!$E:$E,วิเคราะห์ข้อมูล!A11,'DATA UPDATE'!$T:$T,วิเคราะห์ข้อมูล!$O$2) -> 0 | P11: =SUMIFS('DATA UPDATE'!$L:$L,'DATA UPDATE'!$E:$E,วิเคราะห์ข้อมูล!A11,'DATA UPDATE'!$T:$T,วิเคราะห์ข้อมูล!$P$2) -> 1 | Q11: =SUMIFS('DATA UPDATE'!$L:$L,'DATA UPDATE'!$E:$E,วิเคราะห์ข้อมูล!A11,'DATA UPDATE'!$T:$T,วิเคราะห์ข้อมูล!$Q$2) -> 0 | R11: =SUMIFS('DATA UPDATE'!$L:$L,'DATA UPDATE'!$D:$D,วิเคราะห์ข้อมูล!A11,'DATA UPDATE'!$T:$T,วิเคราะห์ข้อมูล!$R$2) -> 0 | S11: =SUMIFS('UPDATE STOCK'!$F:$F,'UPDATE STOCK'!$A:$A,A11,'UPDATE STOCK'!$G:$G,$S$2) -> 0 | T11: =SUMIFS('UPDATE STOCK'!$F:$F,'UPDATE STOCK'!$A:$A,A11,'UPDATE STOCK'!$G:$G,$T$2) -> 0 | U11: =SUMIFS('UPDATE STOCK'!$F:$F,'UPDATE STOCK'!$A:$A,วิเคราะห์ข้อมูล!A11,'UPDATE STOCK'!$G:$G,$U$2) -> 0 | V11: =SUMIFS('UPDATE STOCK'!$F:$F,'UPDATE STOCK'!$A:$A,วิเคราะห์ข้อมูล!A11,'UPDATE STOCK'!$G:$G,$V$2) -> 0
A12: 128-GS-LN1 | B12: *แบตเตอรี่ BAGS LN1-DIN55-DURA -55 แอมป์/ชั่วโม ขัวจม | C12: =SUMIFS('DATA UPDATE'!$L:$L,'DATA UPDATE'!$E:$E,วิเคราะห์ข้อมูล!A12,'DATA UPDATE'!$B:$B,วิเคราะห์ข้อมูล!$C$2) -> 0 | D12: =SUMIFS('DATA UPDATE'!$L:$L,'DATA UPDATE'!$E:$E,A12,'DATA UPDATE'!$B:$B,$D$2) -> 0 | E12: =SUMIFS('DATA UPDATE'!$L:$L,'DATA UPDATE'!$E:$E,A12,'DATA UPDATE'!$B:$B,$E$2) -> 0 | F12: =SUMIFS('DATA UPDATE'!$L:$L,'DATA UPDATE'!$E:$E,A12,'DATA UPDATE'!$B:$B,$F$2) -> 0 | G12: =SUMIFS('DATA UPDATE'!$L:$L,'DATA UPDATE'!$E:$E,A12,'DATA UPDATE'!$B:$B,$G$2) -> 1 | H12: =SUMIFS('DATA UPDATE'!$L:$L,'DATA UPDATE'!$E:$E,A12,'DATA UPDATE'!$B:$B,$H$2) -> 0 | I12: =SUM(C12:H12) -> 1 | J12: =SUMIFS('UPDATE STOCK'!F:F,'UPDATE STOCK'!A:A,วิเคราะห์ข้อมูล!A12) -> 5 | K12: =MAX(C12:G12) -> 1 | L12: =MIN(C12:G12) -> 0 | M12: =AVERAGE(C12:G12) -> 0.2 | N12: =M12-J12 -> -4.8 | O12: =SUMIFS('DATA UPDATE'!$L:$L,'DATA UPDATE'!$E:$E,วิเคราะห์ข้อมูล!A12,'DATA UPDATE'!$T:$T,วิเคราะห์ข้อมูล!$O$2) -> 0 | P12: =SUMIFS('DATA UPDATE'!$L:$L,'DATA UPDATE'!$E:$E,วิเคราะห์ข้อมูล!A12,'DATA UPDATE'!$T:$T,วิเคราะห์ข้อมูล!$P$2) -> 1 | Q12: =SUMIFS('DATA UPDATE'!$L:$L,'DATA UPDATE'!$E:$E,วิเคราะห์ข้อมูล!A12,'DATA UPDATE'!$T:$T,วิเคราะห์ข้อมูล!$Q$2) -> 0 | R12: =SUMIFS('DATA UPDATE'!$L:$L,'DATA UPDATE'!$D:$D,วิเคราะห์ข้อมูล!A12,'DATA UPDATE'!$T:$T,วิเคราะห์ข้อมูล!$R$2) -> 0 | S12: =SUMIFS('UPDATE STOCK'!$F:$F,'UPDATE STOCK'!$A:$A,A12,'UPDATE STOCK'!$G:$G,$S$2) -> 0 | T12: =SUMIFS('UPDATE STOCK'!$F:$F,'UPDATE STOCK'!$A:$A,A12,'UPDATE STOCK'!$G:$G,$T$2) -> 1 | U12: =SUMIFS('UPDATE STOCK'!$F:$F,'UPDATE STOCK'!$A:$A,วิเคราะห์ข้อมูล!A12,'UPDATE STOCK'!$G:$G,$U$2) -> 3 | V12: =SUMIFS('UPDATE STOCK'!$F:$F,'UPDATE STOCK'!$A:$A,วิเคราะห์ข้อมูล!A12,'UPDATE STOCK'!$G:$G,$V$2) -> 1
A13: 128-GS-LN3 | B13: *แบตเตอรี่ BAGS LN3-MF-75 แอมป์/ชม. - ขั้วบวกซ้ายใหญ่ | C13: =SUMIFS('DATA UPDATE'!$L:$L,'DATA UPDATE'!$E:$E,วิเคราะห์ข้อมูล!A13,'DATA UPDATE'!$B:$B,วิเคราะห์ข้อมูล!$C$2) -> 0 | D13: =SUMIFS('DATA UPDATE'!$L:$L,'DATA UPDATE'!$E:$E,A13,'DATA UPDATE'!$B:$B,$D$2) -> 2 | E13: =SUMIFS('DATA UPDATE'!$L:$L,'DATA UPDATE'!$E:$E,A13,'DATA UPDATE'!$B:$B,$E$2) -> 0 | F13: =SUMIFS('DATA UPDATE'!$L:$L,'DATA UPDATE'!$E:$E,A13,'DATA UPDATE'!$B:$B,$F$2) -> 1 | G13: =SUMIFS('DATA UPDATE'!$L:$L,'DATA UPDATE'!$E:$E,A13,'DATA UPDATE'!$B:$B,$G$2) -> 2 | H13: =SUMIFS('DATA UPDATE'!$L:$L,'DATA UPDATE'!$E:$E,A13,'DATA UPDATE'!$B:$B,$H$2) -> 1 | I13: =SUM(C13:H13) -> 6 | J13: =SUMIFS('UPDATE STOCK'!F:F,'UPDATE STOCK'!A:A,วิเคราะห์ข้อมูล!A13) -> 3 | K13: =MAX(C13:G13) -> 2 | L13: =MIN(C13:G13) -> 0 | M13: =AVERAGE(C13:G13) -> 1 | N13: =M13-J13 -> -2 | O13: =SUMIFS('DATA UPDATE'!$L:$L,'DATA UPDATE'!$E:$E,วิเคราะห์ข้อมูล!A13,'DATA UPDATE'!$T:$T,วิเคราะห์ข้อมูล!$O$2) -> 4 | P13: =SUMIFS('DATA UPDATE'!$L:$L,'DATA UPDATE'!$E:$E,วิเคราะห์ข้อมูล!A13,'DATA UPDATE'!$T:$T,วิเคราะห์ข้อมูล!$P$2) -> 1 | Q13: =SUMIFS('DATA UPDATE'!$L:$L,'DATA UPDATE'!$E:$E,วิเคราะห์ข้อมูล!A13,'DATA UPDATE'!$T:$T,วิเคราะห์ข้อมูล!$Q$2) -> 0 | R13: =SUMIFS('DATA UPDATE'!$L:$L,'DATA UPDATE'!$D:$D,วิเคราะห์ข้อมูล!A13,'DATA UPDATE'!$T:$T,วิเคราะห์ข้อมูล!$R$2) -> 0 | S13: =SUMIFS('UPDATE STOCK'!$F:$F,'UPDATE STOCK'!$A:$A,A13,'UPDATE STOCK'!$G:$G,$S$2) -> 0 | T13: =SUMIFS('UPDATE STOCK'!$F:$F,'UPDATE STOCK'!$A:$A,A13,'UPDATE STOCK'!$G:$G,$T$2) -> 1 | U13: =SUMIFS('UPDATE STOCK'!$F:$F,'UPDATE STOCK'!$A:$A,วิเคราะห์ข้อมูล!A13,'UPDATE STOCK'!$G:$G,$U$2) -> 1 | V13: =SUMIFS('UPDATE STOCK'!$F:$F,'UPDATE STOCK'!$A:$A,วิเคราะห์ข้อมูล!A13,'UPDATE STOCK'!$G:$G,$V$2) -> 1
A14: 128-GS-LN2 | B14: *แบตเตอรี่ GS BAGS LN2 MF 65แอมป์/ชั่วโมง | C14: =SUMIFS('DATA UPDATE'!$L:$L,'DATA UPDATE'!$E:$E,วิเคราะห์ข้อมูล!A14,'DATA UPDATE'!$B:$B,วิเคราะห์ข้อมูล!$C$2) -> 0 | D14: =SUMIFS('DATA UPDATE'!$L:$L,'DATA UPDATE'!$E:$E,A14,'DATA UPDATE'!$B:$B,$D$2) -> 0 | E14: =SUMIFS('DATA UPDATE'!$L:$L,'DATA UPDATE'!$E:$E,A14,'DATA UPDATE'!$B:$B,$E$2) -> 1 | F14: =SUMIFS('DATA UPDATE'!$L:$L,'DATA UPDATE'!$E:$E,A14,'DATA UPDATE'!$B:$B,$F$2) -> 0 | G14: =SUMIFS('DATA UPDATE'!$L:$L,'DATA UPDATE'!$E:$E,A14,'DATA UPDATE'!$B:$B,$G$2) -> 0 | H14: =SUMIFS('DATA UPDATE'!$L:$L,'DATA UPDATE'!$E:$E,A14,'DATA UPDATE'!$B:$B,$H$2) -> 0 | I14: =SUM(C14:H14) -> 1 | J14: =SUMIFS('UPDATE STOCK'!F:F,'UPDATE STOCK'!A:A,วิเคราะห์ข้อมูล!A14) -> 4 | K14: =MAX(C14:G14) -> 1 | L14: =MIN(C14:G14) -> 0 | M14: =AVERAGE(C14:G14) -> 0.2 | N14: =M14-J14 -> -3.8 | O14: =SUMIFS('DATA UPDATE'!$L:$L,'DATA UPDATE'!$E:$E,วิเคราะห์ข้อมูล!A14,'DATA UPDATE'!$T:$T,วิเคราะห์ข้อมูล!$O$2) -> 0 | P14: =SUMIFS('DATA UPDATE'!$L:$L,'DATA UPDATE'!$E:$E,วิเคราะห์ข้อมูล!A14,'DATA UPDATE'!$T:$T,วิเคราะห์ข้อมูล!$P$2) -> 1 | Q14: =SUMIFS('DATA UPDATE'!$L:$L,'DATA UPDATE'!$E:$E,วิเคราะห์ข้อมูล!A14,'DATA UPDATE'!$T:$T,วิเคราะห์ข้อมูล!$Q$2) -> 0 | R14: =SUMIFS('DATA UPDATE'!$L:$L,'DATA UPDATE'!$D:$D,วิเคราะห์ข้อมูล!A14,'DATA UPDATE'!$T:$T,วิเคราะห์ข้อมูล!$R$2) -> 0 | S14: =SUMIFS('UPDATE STOCK'!$F:$F,'UPDATE STOCK'!$A:$A,A14,'UPDATE STOCK'!$G:$G,$S$2) -> 1 | T14: =SUMIFS('UPDATE STOCK'!$F:$F,'UPDATE STOCK'!$A:$A,A14,'UPDATE STOCK'!$G:$G,$T$2) -> 1 | U14: =SUMIFS('UPDATE STOCK'!$F:$F,'UPDATE STOCK'!$A:$A,วิเคราะห์ข้อมูล!A14,'UPDATE STOCK'!$G:$G,$U$2) -> 1 | V14: =SUMIFS('UPDATE STOCK'!$F:$F,'UPDATE STOCK'!$A:$A,วิเคราะห์ข้อมูล!A14,'UPDATE STOCK'!$G:$G,$V$2) -> 1
A15: 128-GS-MFX90L | B15: *แบตเตอรี่ GS BAGS MFX-90L 75-80 แอมป์/ชั่วโมง | C15: =SUMIFS('DATA UPDATE'!$L:$L,'DATA UPDATE'!$E:$E,วิเคราะห์ข้อมูล!A15,'DATA UPDATE'!$B:$B,วิเคราะห์ข้อมูล!$C$2) -> 2 | D15: =SUMIFS('DATA UPDATE'!$L:$L,'DATA UPDATE'!$E:$E,A15,'DATA UPDATE'!$B:$B,$D$2) -> 2 | E15: =SUMIFS('DATA UPDATE'!$L:$L,'DATA UPDATE'!$E:$E,A15,'DATA UPDATE'!$B:$B,$E$2) -> 1 | F15: =SUMIFS('DATA UPDATE'!$L:$L,'DATA UPDATE'!$E:$E,A15,'DATA UPDATE'!$B:$B,$F$2) -> 3 | G15: =SUMIFS('DATA UPDATE'!$L:$L,'DATA UPDATE'!$E:$E,A15,'DATA UPDATE'!$B:$B,$G$2) -> 0 | H15: =SUMIFS('DATA UPDATE'!$L:$L,'DATA UPDATE'!$E:$E,A15,'DATA UPDATE'!$B:$B,$H$2) -> 0 | I15: =SUM(C15:H15) -> 8 | J15: =SUMIFS('UPDATE STOCK'!F:F,'UPDATE STOCK'!A:A,วิเคราะห์ข้อมูล!A15) -> 2 | K15: =MAX(C15:G15) -> 3 | L15: =MIN(C15:G15) -> 0 | M15: =AVERAGE(C15:G15) -> 1.6 | N15: =M15-J15 -> -0.4 | O15: =SUMIFS('DATA UPDATE'!$L:$L,'DATA UPDATE'!$E:$E,วิเคราะห์ข้อมูล!A15,'DATA UPDATE'!$T:$T,วิเคราะห์ข้อมูล!$O$2) -> 6 | P15: =SUMIFS('DATA UPDATE'!$L:$L,'DATA UPDATE'!$E:$E,วิเคราะห์ข้อมูล!A15,'DATA UPDATE'!$T:$T,วิเคราะห์ข้อมูล!$P$2) -> 1 | Q15: =SUMIFS('DATA UPDATE'!$L:$L,'DATA UPDATE'!$E:$E,วิเคราะห์ข้อมูล!A15,'DATA UPDATE'!$T:$T,วิเคราะห์ข้อมูล!$Q$2) -> 0 | R15: =SUMIFS('DATA UPDATE'!$L:$L,'DATA UPDATE'!$D:$D,วิเคราะห์ข้อมูล!A15,'DATA UPDATE'!$T:$T,วิเคราะห์ข้อมูล!$R$2) -> 0 | S15: =SUMIFS('UPDATE STOCK'!$F:$F,'UPDATE STOCK'!$A:$A,A15,'UPDATE STOCK'!$G:$G,$S$2) -> 0 | T15: =SUMIFS('UPDATE STOCK'!$F:$F,'UPDATE STOCK'!$A:$A,A15,'UPDATE STOCK'!$G:$G,$T$2) -> 0 | U15: =SUMIFS('UPDATE STOCK'!$F:$F,'UPDATE STOCK'!$A:$A,วิเคราะห์ข้อมูล!A15,'UPDATE STOCK'!$G:$G,$U$2) -> 0 | V15: =SUMIFS('UPDATE STOCK'!$F:$F,'UPDATE STOCK'!$A:$A,วิเคราะห์ข้อมูล!A15,'UPDATE STOCK'!$G:$G,$V$2) -> 1
A16: 128-GS-MFX180L | B16: *แบตเตอรี่แห้ง GS BAGS MFX-180L-80แอมป์/ชั่วโมง | C16: =SUMIFS('DATA UPDATE'!$L:$L,'DATA UPDATE'!$E:$E,วิเคราะห์ข้อมูล!A16,'DATA UPDATE'!$B:$B,วิเคราะห์ข้อมูล!$C$2) -> 0 | D16: =SUMIFS('DATA UPDATE'!$L:$L,'DATA UPDATE'!$E:$E,A16,'DATA UPDATE'!$B:$B,$D$2) -> 0 | E16: =SUMIFS('DATA UPDATE'!$L:$L,'DATA UPDATE'!$E:$E,A16,'DATA UPDATE'!$B:$B,$E$2) -> 1 | F16: =SUMIFS('DATA UPDATE'!$L:$L,'DATA UPDATE'!$E:$E,A16,'DATA UPDATE'!$B:$B,$F$2) -> 0 | G16: =SUMIFS('DATA UPDATE'!$L:$L,'DATA UPDATE'!$E:$E,A16,'DATA UPDATE'!$B:$B,$G$2) -> 0 | H16: =SUMIFS('DATA UPDATE'!$L:$L,'DATA UPDATE'!$E:$E,A16,'DATA UPDATE'!$B:$B,$H$2) -> 0 | I16: =SUM(C16:H16) -> 1 | J16: =SUMIFS('UPDATE STOCK'!F:F,'UPDATE STOCK'!A:A,วิเคราะห์ข้อมูล!A16) -> 3 | K16: =MAX(C16:G16) -> 1 | L16: =MIN(C16:G16) -> 0 | M16: =AVERAGE(C16:G16) -> 0.2 | N16: =M16-J16 -> -2.8 | O16: =SUMIFS('DATA UPDATE'!$L:$L,'DATA UPDATE'!$E:$E,วิเคราะห์ข้อมูล!A16,'DATA UPDATE'!$T:$T,วิเคราะห์ข้อมูล!$O$2) -> 0 | P16: =SUMIFS('DATA UPDATE'!$L:$L,'DATA UPDATE'!$E:$E,วิเคราะห์ข้อมูล!A16,'DATA UPDATE'!$T:$T,วิเคราะห์ข้อมูล!$P$2) -> 0 | Q16: =SUMIFS('DATA UPDATE'!$L:$L,'DATA UPDATE'!$E:$E,วิเคราะห์ข้อมูล!A16,'DATA UPDATE'!$T:$T,วิเคราะห์ข้อมูล!$Q$2) -> 0 | R16: =SUMIFS('DATA UPDATE'!$L:$L,'DATA UPDATE'!$D:$D,วิเคราะห์ข้อมูล!A16,'DATA UPDATE'!$T:$T,วิเคราะห์ข้อมูล!$R$2) -> 0 | S16: =SUMIFS('UPDATE STOCK'!$F:$F,'UPDATE STOCK'!$A:$A,A16,'UPDATE STOCK'!$G:$G,$S$2) -> 0 | T16: =SUMIFS('UPDATE STOCK'!$F:$F,'UPDATE STOCK'!$A:$A,A16,'UPDATE STOCK'!$G:$G,$T$2) -> 1 | U16: =SUMIFS('UPDATE STOCK'!$F:$F,'UPDATE STOCK'!$A:$A,วิเคราะห์ข้อมูล!A16,'UPDATE STOCK'!$G:$G,$U$2) -> 0 | V16: =SUMIFS('UPDATE STOCK'!$F:$F,'UPDATE STOCK'!$A:$A,วิเคราะห์ข้อมูล!A16,'UPDATE STOCK'!$G:$G,$V$2) -> 0
A17: 128-GS-MFX50L | B17: *แบตเตอรี่แห้ง GS BAGS MFX-50L 40แอมป์/ชั่วโมง | C17: =SUMIFS('DATA UPDATE'!$L:$L,'DATA UPDATE'!$E:$E,วิเคราะห์ข้อมูล!A17,'DATA UPDATE'!$B:$B,วิเคราะห์ข้อมูล!$C$2) -> 3 | D17: =SUMIFS('DATA UPDATE'!$L:$L,'DATA UPDATE'!$E:$E,A17,'DATA UPDATE'!$B:$B,$D$2) -> 2 | E17: =SUMIFS('DATA UPDATE'!$L:$L,'DATA UPDATE'!$E:$E,A17,'DATA UPDATE'!$B:$B,$E$2) -> 0 | F17: =SUMIFS('DATA UPDATE'!$L:$L,'DATA UPDATE'!$E:$E,A17,'DATA UPDATE'!$B:$B,$F$2) -> 0 | G17: =SUMIFS('DATA UPDATE'!$L:$L,'DATA UPDATE'!$E:$E,A17,'DATA UPDATE'!$B:$B,$G$2) -> 1 | H17: =SUMIFS('DATA UPDATE'!$L:$L,'DATA UPDATE'!$E:$E,A17,'DATA UPDATE'!$B:$B,$H$2) -> 0 | I17: =SUM(C17:H17) -> 6 | J17: =SUMIFS('UPDATE STOCK'!F:F,'UPDATE STOCK'!A:A,วิเคราะห์ข้อมูล!A17) -> 9 | K17: =MAX(C17:G17) -> 3 | L17: =MIN(C17:G17) -> 0 | M17: =AVERAGE(C17:G17) -> 1.2 | N17: =M17-J17 -> -7.8 | O17: =SUMIFS('DATA UPDATE'!$L:$L,'DATA UPDATE'!$E:$E,วิเคราะห์ข้อมูล!A17,'DATA UPDATE'!$T:$T,วิเคราะห์ข้อมูล!$O$2) -> 1 | P17: =SUMIFS('DATA UPDATE'!$L:$L,'DATA UPDATE'!$E:$E,วิเคราะห์ข้อมูล!A17,'DATA UPDATE'!$T:$T,วิเคราะห์ข้อมูล!$P$2) -> 0 | Q17: =SUMIFS('DATA UPDATE'!$L:$L,'DATA UPDATE'!$E:$E,วิเคราะห์ข้อมูล!A17,'DATA UPDATE'!$T:$T,วิเคราะห์ข้อมูล!$Q$2) -> 0 | R17: =SUMIFS('DATA UPDATE'!$L:$L,'DATA UPDATE'!$D:$D,วิเคราะห์ข้อมูล!A17,'DATA UPDATE'!$T:$T,วิเคราะห์ข้อมูล!$R$2) -> 0 | S17: =SUMIFS('UPDATE STOCK'!$F:$F,'UPDATE STOCK'!$A:$A,A17,'UPDATE STOCK'!$G:$G,$S$2) -> 1 | T17: =SUMIFS('UPDATE STOCK'!$F:$F,'UPDATE STOCK'!$A:$A,A17,'UPDATE STOCK'!$G:$G,$T$2) -> 4 | U17: =SUMIFS('UPDATE STOCK'!$F:$F,'UPDATE STOCK'!$A:$A,วิเคราะห์ข้อมูล!A17,'UPDATE STOCK'!$G:$G,$U$2) -> 3 | V17: =SUMIFS('UPDATE STOCK'!$F:$F,'UPDATE STOCK'!$A:$A,วิเคราะห์ข้อมูล!A17,'UPDATE STOCK'!$G:$G,$V$2) -> 1
... A860: A008-1-1 | B860: จารบีเพลาขับ | C860: =SUMIFS('DATA UPDATE'!$L:$L,'DATA UPDATE'!$E:$E,วิเคราะห์ข้อมูล!A860,'DATA UPDATE'!$B:$B,วิเคราะห์ข้อมูล!$C$2) -> 0 | D860: =SUMIFS('DATA UPDATE'!$L:$L,'DATA UPDATE'!$E:$E,A860,'DATA UPDATE'!$B:$B,$D$2) -> 0 | E860: =SUMIFS('DATA UPDATE'!$L:$L,'DATA UPDATE'!$E:$E,A860,'DATA UPDATE'!$B:$B,$E$2) -> 0 | F860: =SUMIFS('DATA UPDATE'!$L:$L,'DATA UPDATE'!$E:$E,A860,'DATA UPDATE'!$B:$B,$F$2) -> 1 | G860: =SUMIFS('DATA UPDATE'!$L:$L,'DATA UPDATE'!$E:$E,A860,'DATA UPDATE'!$B:$B,$G$2) -> 0 | H860: =SUMIFS('DATA UPDATE'!$L:$L,'DATA UPDATE'!$E:$E,A860,'DATA UPDATE'!$B:$B,$H$2) -> 0 | I860: =SUM(C860:H860) -> 1 | J860: =SUMIFS('UPDATE STOCK'!F:F,'UPDATE STOCK'!A:A,วิเคราะห์ข้อมูล!A860) -> 0 | K860: =MAX(C860:G860) -> 1 | L860: =MIN(C860:G860) -> 0 | M860: =AVERAGE(C860:G860) -> 0.2 | N860: =M860-J860 -> 0.2 | O860: =SUMIFS('DATA UPDATE'!$L:$L,'DATA UPDATE'!$E:$E,วิเคราะห์ข้อมูล!A860,'DATA UPDATE'!$T:$T,วิเคราะห์ข้อมูล!$O$2) -> 0 | P860: =SUMIFS('DATA UPDATE'!$L:$L,'DATA UPDATE'!$E:$E,วิเคราะห์ข้อมูล!A860,'DATA UPDATE'!$T:$T,วิเคราะห์ข้อมูล!$P$2) -> 0 | Q860: =SUMIFS('DATA UPDATE'!$L:$L,'DATA UPDATE'!$E:$E,วิเคราะห์ข้อมูล!A860,'DATA UPDATE'!$T:$T,วิเคราะห์ข้อมูล!$Q$2) -> 0 | R860: =SUMIFS('DATA UPDATE'!$L:$L,'DATA UPDATE'!$D:$D,วิเคราะห์ข้อมูล!A860,'DATA UPDATE'!$T:$T,วิเคราะห์ข้อมูล!$R$2) -> 0 | S860: =SUMIFS('UPDATE STOCK'!$F:$F,'UPDATE STOCK'!$A:$A,A860,'UPDATE STOCK'!$G:$G,$S$2) -> 0 | T860: =SUMIFS('UPDATE STOCK'!$F:$F,'UPDATE STOCK'!$A:$A,A860,'UPDATE STOCK'!$G:$G,$T$2) -> 0 | U860: =SUMIFS('UPDATE STOCK'!$F:$F,'UPDATE STOCK'!$A:$A,วิเคราะห์ข้อมูล!A860,'UPDATE STOCK'!$G:$G,$U$2) -> 0 | V860: =SUMIFS('UPDATE STOCK'!$F:$F,'UPDATE STOCK'!$A:$A,วิเคราะห์ข้อมูล!A860,'UPDATE STOCK'!$G:$G,$V$2) -> 0
A861: 9002 | B861: จำนวนรถเข้า | C861: =SUMIFS('DATA UPDATE'!$L:$L,'DATA UPDATE'!$E:$E,วิเคราะห์ข้อมูล!A861,'DATA UPDATE'!$B:$B,วิเคราะห์ข้อมูล!$C$2) -> 0 | D861: =SUMIFS('DATA UPDATE'!$L:$L,'DATA UPDATE'!$E:$E,A861,'DATA UPDATE'!$B:$B,$D$2) -> 0 | E861: =SUMIFS('DATA UPDATE'!$L:$L,'DATA UPDATE'!$E:$E,A861,'DATA UPDATE'!$B:$B,$E$2) -> 0 | F861: =SUMIFS('DATA UPDATE'!$L:$L,'DATA UPDATE'!$E:$E,A861,'DATA UPDATE'!$B:$B,$F$2) -> 0 | G861: =SUMIFS('DATA UPDATE'!$L:$L,'DATA UPDATE'!$E:$E,A861,'DATA UPDATE'!$B:$B,$G$2) -> 0 | H861: =SUMIFS('DATA UPDATE'!$L:$L,'DATA UPDATE'!$E:$E,A861,'DATA UPDATE'!$B:$B,$H$2) -> 0 | I861: =SUM(C861:H861) -> 0 | J861: =SUMIFS('UPDATE STOCK'!F:F,'UPDATE STOCK'!A:A,วิเคราะห์ข้อมูล!A861) -> 0 | K861: =MAX(C861:G861) -> 0 | L861: =MIN(C861:G861) -> 0 | M861: =AVERAGE(C861:G861) -> 0 | N861: =M861-J861 -> 0 | O861: =SUMIFS('DATA UPDATE'!$L:$L,'DATA UPDATE'!$E:$E,วิเคราะห์ข้อมูล!A861,'DATA UPDATE'!$T:$T,วิเคราะห์ข้อมูล!$O$2) -> 0 | P861: =SUMIFS('DATA UPDATE'!$L:$L,'DATA UPDATE'!$E:$E,วิเคราะห์ข้อมูล!A861,'DATA UPDATE'!$T:$T,วิเคราะห์ข้อมูล!$P$2) -> 0 | Q861: =SUMIFS('DATA UPDATE'!$L:$L,'DATA UPDATE'!$E:$E,วิเคราะห์ข้อมูล!A861,'DATA UPDATE'!$T:$T,วิเคราะห์ข้อมูล!$Q$2) -> 0 | R861: =SUMIFS('DATA UPDATE'!$L:$L,'DATA UPDATE'!$D:$D,วิเคราะห์ข้อมูล!A861,'DATA UPDATE'!$T:$T,วิเคราะห์ข้อมูล!$R$2) -> 0 | S861: =SUMIFS('UPDATE STOCK'!$F:$F,'UPDATE STOCK'!$A:$A,A861,'UPDATE STOCK'!$G:$G,$S$2) -> 0 | T861: =SUMIFS('UPDATE STOCK'!$F:$F,'UPDATE STOCK'!$A:$A,A861,'UPDATE STOCK'!$G:$G,$T$2) -> 0 | U861: =SUMIFS('UPDATE STOCK'!$F:$F,'UPDATE STOCK'!$A:$A,วิเคราะห์ข้อมูล!A861,'UPDATE STOCK'!$G:$G,$U$2) -> 0 | V861: =SUMIFS('UPDATE STOCK'!$F:$F,'UPDATE STOCK'!$A:$A,วิเคราะห์ข้อมูล!A861,'UPDATE STOCK'!$G:$G,$V$2) -> 0
A862: J034 | B862: จุ๊ปเเลส วอนเตอร์ TR415 จุ๊ปหัวโต TATA | C862: =SUMIFS('DATA UPDATE'!$L:$L,'DATA UPDATE'!$E:$E,วิเคราะห์ข้อมูล!A862,'DATA UPDATE'!$B:$B,วิเคราะห์ข้อมูล!$C$2) -> 0 | D862: =SUMIFS('DATA UPDATE'!$L:$L,'DATA UPDATE'!$E:$E,A862,'DATA UPDATE'!$B:$B,$D$2) -> 0 | E862: =SUMIFS('DATA UPDATE'!$L:$L,'DATA UPDATE'!$E:$E,A862,'DATA UPDATE'!$B:$B,$E$2) -> 2 | F862: =SUMIFS('DATA UPDATE'!$L:$L,'DATA UPDATE'!$E:$E,A862,'DATA UPDATE'!$B:$B,$F$2) -> 0 | G862: =SUMIFS('DATA UPDATE'!$L:$L,'DATA UPDATE'!$E:$E,A862,'DATA UPDATE'!$B:$B,$G$2) -> 8 | H862: =SUMIFS('DATA UPDATE'!$L:$L,'DATA UPDATE'!$E:$E,A862,'DATA UPDATE'!$B:$B,$H$2) -> 0 | I862: =SUM(C862:H862) -> 10 | J862: =SUMIFS('UPDATE STOCK'!F:F,'UPDATE STOCK'!A:A,วิเคราะห์ข้อมูล!A862) -> 15 | K862: =MAX(C862:G862) -> 8 | L862: =MIN(C862:G862) -> 0 | M862: =AVERAGE(C862:G862) -> 2 | N862: =M862-J862 -> -13 | O862: =SUMIFS('DATA UPDATE'!$L:$L,'DATA UPDATE'!$E:$E,วิเคราะห์ข้อมูล!A862,'DATA UPDATE'!$T:$T,วิเคราะห์ข้อมูล!$O$2) -> 0 | P862: =SUMIFS('DATA UPDATE'!$L:$L,'DATA UPDATE'!$E:$E,วิเคราะห์ข้อมูล!A862,'DATA UPDATE'!$T:$T,วิเคราะห์ข้อมูล!$P$2) -> 10 | Q862: =SUMIFS('DATA UPDATE'!$L:$L,'DATA UPDATE'!$E:$E,วิเคราะห์ข้อมูล!A862,'DATA UPDATE'!$T:$T,วิเคราะห์ข้อมูล!$Q$2) -> 0 | R862: =SUMIFS('DATA UPDATE'!$L:$L,'DATA UPDATE'!$D:$D,วิเคราะห์ข้อมูล!A862,'DATA UPDATE'!$T:$T,วิเคราะห์ข้อมูล!$R$2) -> 0 | S862: =SUMIFS('UPDATE STOCK'!$F:$F,'UPDATE STOCK'!$A:$A,A862,'UPDATE STOCK'!$G:$G,$S$2) -> 0 | T862: =SUMIFS('UPDATE STOCK'!$F:$F,'UPDATE STOCK'!$A:$A,A862,'UPDATE STOCK'!$G:$G,$T$2) -> 15 | U862: =SUMIFS('UPDATE STOCK'!$F:$F,'UPDATE STOCK'!$A:$A,วิเคราะห์ข้อมูล!A862,'UPDATE STOCK'!$G:$G,$U$2) -> 0 | V862: =SUMIFS('UPDATE STOCK'!$F:$F,'UPDATE STOCK'!$A:$A,วิเคราะห์ข้อมูล!A862,'UPDATE STOCK'!$G:$G,$V$2) -> 0
A863: A340-M4-26 | B863: ชุดเกียร์ MAZDA BT50 | C863: =SUMIFS('DATA UPDATE'!$L:$L,'DATA UPDATE'!$E:$E,วิเคราะห์ข้อมูล!A863,'DATA UPDATE'!$B:$B,วิเคราะห์ข้อมูล!$C$2) -> 0 | D863: =SUMIFS('DATA UPDATE'!$L:$L,'DATA UPDATE'!$E:$E,A863,'DATA UPDATE'!$B:$B,$D$2) -> 1 | E863: =SUMIFS('DATA UPDATE'!$L:$L,'DATA UPDATE'!$E:$E,A863,'DATA UPDATE'!$B:$B,$E$2) -> 0 | F863: =SUMIFS('DATA UPDATE'!$L:$L,'DATA UPDATE'!$E:$E,A863,'DATA UPDATE'!$B:$B,$F$2) -> 0 | G863: =SUMIFS('DATA UPDATE'!$L:$L,'DATA UPDATE'!$E:$E,A863,'DATA UPDATE'!$B:$B,$G$2) -> 0 | H863: =SUMIFS('DATA UPDATE'!$L:$L,'DATA UPDATE'!$E:$E,A863,'DATA UPDATE'!$B:$B,$H$2) -> 0 | I863: =SUM(C863:H863) -> 1 | J863: =SUMIFS('UPDATE STOCK'!F:F,'UPDATE STOCK'!A:A,วิเคราะห์ข้อมูล!A863) -> 0 | K863: =MAX(C863:G863) -> 1 | L863: =MIN(C863:G863) -> 0 | M863: =AVERAGE(C863:G863) -> 0.2 | N863: =M863-J863 -> 0.2 | O863: =SUMIFS('DATA UPDATE'!$L:$L,'DATA UPDATE'!$E:$E,วิเคราะห์ข้อมูล!A863,'DATA UPDATE'!$T:$T,วิเคราะห์ข้อมูล!$O$2) -> 1 | P863: =SUMIFS('DATA UPDATE'!$L:$L,'DATA UPDATE'!$E:$E,วิเคราะห์ข้อมูล!A863,'DATA UPDATE'!$T:$T,วิเคราะห์ข้อมูล!$P$2) -> 0 | Q863: =SUMIFS('DATA UPDATE'!$L:$L,'DATA UPDATE'!$E:$E,วิเคราะห์ข้อมูล!A863,'DATA UPDATE'!$T:$T,วิเคราะห์ข้อมูล!$Q$2) -> 0 | R863: =SUMIFS('DATA UPDATE'!$L:$L,'DATA UPDATE'!$D:$D,วิเคราะห์ข้อมูล!A863,'DATA UPDATE'!$T:$T,วิเคราะห์ข้อมูล!$R$2) -> 0 | S863: =SUMIFS('UPDATE STOCK'!$F:$F,'UPDATE STOCK'!$A:$A,A863,'UPDATE STOCK'!$G:$G,$S$2) -> 0 | T863: =SUMIFS('UPDATE STOCK'!$F:$F,'UPDATE STOCK'!$A:$A,A863,'UPDATE STOCK'!$G:$G,$T$2) -> 0 | U863: =SUMIFS('UPDATE STOCK'!$F:$F,'UPDATE STOCK'!$A:$A,วิเคราะห์ข้อมูล!A863,'UPDATE STOCK'!$G:$G,$U$2) -> 0 | V863: =SUMIFS('UPDATE STOCK'!$F:$F,'UPDATE STOCK'!$A:$A,วิเคราะห์ข้อมูล!A863,'UPDATE STOCK'!$G:$G,$V$2) -> 0
A864: A340-T2-352 | B864: ชุดกิ๊บล็อคผ้าเบรค TOYOTA REVO ปี 2020 | C864: =SUMIFS('DATA UPDATE'!$L:$L,'DATA UPDATE'!$E:$E,วิเคราะห์ข้อมูล!A864,'DATA UPDATE'!$B:$B,วิเคราะห์ข้อมูล!$C$2) -> 1 | D864: =SUMIFS('DATA UPDATE'!$L:$L,'DATA UPDATE'!$E:$E,A864,'DATA UPDATE'!$B:$B,$D$2) -> 0 | E864: =SUMIFS('DATA UPDATE'!$L:$L,'DATA UPDATE'!$E:$E,A864,'DATA UPDATE'!$B:$B,$E$2) -> 0 | F864: =SUMIFS('DATA UPDATE'!$L:$L,'DATA UPDATE'!$E:$E,A864,'DATA UPDATE'!$B:$B,$F$2) -> 0 | G864: =SUMIFS('DATA UPDATE'!$L:$L,'DATA UPDATE'!$E:$E,A864,'DATA UPDATE'!$B:$B,$G$2) -> 0 | H864: =SUMIFS('DATA UPDATE'!$L:$L,'DATA UPDATE'!$E:$E,A864,'DATA UPDATE'!$B:$B,$H$2) -> 0 | I864: =SUM(C864:H864) -> 1 | J864: =SUMIFS('UPDATE STOCK'!F:F,'UPDATE STOCK'!A:A,วิเคราะห์ข้อมูล!A864) -> 0 | K864: =MAX(C864:G864) -> 1 | L864: =MIN(C864:G864) -> 0 | M864: =AVERAGE(C864:G864) -> 0.2 | N864: =M864-J864 -> 0.2 | O864: =SUMIFS('DATA UPDATE'!$L:$L,'DATA UPDATE'!$E:$E,วิเคราะห์ข้อมูล!A864,'DATA UPDATE'!$T:$T,วิเคราะห์ข้อมูล!$O$2) -> 0 | P864: =SUMIFS('DATA UPDATE'!$L:$L,'DATA UPDATE'!$E:$E,วิเคราะห์ข้อมูล!A864,'DATA UPDATE'!$T:$T,วิเคราะห์ข้อมูล!$P$2) -> 0 | Q864: =SUMIFS('DATA UPDATE'!$L:$L,'DATA UPDATE'!$E:$E,วิเคราะห์ข้อมูล!A864,'DATA UPDATE'!$T:$T,วิเคราะห์ข้อมูล!$Q$2) -> 1 | R864: =SUMIFS('DATA UPDATE'!$L:$L,'DATA UPDATE'!$D:$D,วิเคราะห์ข้อมูล!A864,'DATA UPDATE'!$T:$T,วิเคราะห์ข้อมูล!$R$2) -> 0 | S864: =SUMIFS('UPDATE STOCK'!$F:$F,'UPDATE STOCK'!$A:$A,A864,'UPDATE STOCK'!$G:$G,$S$2) -> 0 | T864: =SUMIFS('UPDATE STOCK'!$F:$F,'UPDATE STOCK'!$A:$A,A864,'UPDATE STOCK'!$G:$G,$T$2) -> 0 | U864: =SUMIFS('UPDATE STOCK'!$F:$F,'UPDATE STOCK'!$A:$A,วิเคราะห์ข้อมูล!A864,'UPDATE STOCK'!$G:$G,$U$2) -> 0 | V864: =SUMIFS('UPDATE STOCK'!$F:$F,'UPDATE STOCK'!$A:$A,วิเคราะห์ข้อมูล!A864,'UPDATE STOCK'!$G:$G,$V$2) -> 0
A865: A048-M4-2 | B865: ชุดซ่อม M/D BT50 | C865: =SUMIFS('DATA UPDATE'!$L:$L,'DATA UPDATE'!$E:$E,วิเคราะห์ข้อมูล!A865,'DATA UPDATE'!$B:$B,วิเคราะห์ข้อมูล!$C$2) -> 0 | D865: =SUMIFS('DATA UPDATE'!$L:$L,'DATA UPDATE'!$E:$E,A865,'DATA UPDATE'!$B:$B,$D$2) -> 1 | E865: =SUMIFS('DATA UPDATE'!$L:$L,'DATA UPDATE'!$E:$E,A865,'DATA UPDATE'!$B:$B,$E$2) -> 0 | F865: =SUMIFS('DATA UPDATE'!$L:$L,'DATA UPDATE'!$E:$E,A865,'DATA UPDATE'!$B:$B,$F$2) -> 0 | G865: =SUMIFS('DATA UPDATE'!$L:$L,'DATA UPDATE'!$E:$E,A865,'DATA UPDATE'!$B:$B,$G$2) -> 0 | H865: =SUMIFS('DATA UPDATE'!$L:$L,'DATA UPDATE'!$E:$E,A865,'DATA UPDATE'!$B:$B,$H$2) -> 0 | I865: =SUM(C865:H865) -> 1 | J865: =SUMIFS('UPDATE STOCK'!F:F,'UPDATE STOCK'!A:A,วิเคราะห์ข้อมูล!A865) -> 0 | K865: =MAX(C865:G865) -> 1 | L865: =MIN(C865:G865) -> 0 | M865: =AVERAGE(C865:G865) -> 0.2 | N865: =M865-J865 -> 0.2 | O865: =SUMIFS('DATA UPDATE'!$L:$L,'DATA UPDATE'!$E:$E,วิเคราะห์ข้อมูล!A865,'DATA UPDATE'!$T:$T,วิเคราะห์ข้อมูล!$O$2) -> 0 | P865: =SUMIFS('DATA UPDATE'!$L:$L,'DATA UPDATE'!$E:$E,วิเคราะห์ข้อมูล!A865,'DATA UPDATE'!$T:$T,วิเคราะห์ข้อมูล!$P$2) -> 0 | Q865: =SUMIFS('DATA UPDATE'!$L:$L,'DATA UPDATE'!$E:$E,วิเคราะห์ข้อมูล!A865,'DATA UPDATE'!$T:$T,วิเคราะห์ข้อมูล!$Q$2) -> 1 | R865: =SUMIFS('DATA UPDATE'!$L:$L,'DATA UPDATE'!$D:$D,วิเคราะห์ข้อมูล!A865,'DATA UPDATE'!$T:$T,วิเคราะห์ข้อมูล!$R$2) -> 0 | S865: =SUMIFS('UPDATE STOCK'!$F:$F,'UPDATE STOCK'!$A:$A,A865,'UPDATE STOCK'!$G:$G,$S$2) -> 0 | T865: =SUMIFS('UPDATE STOCK'!$F:$F,'UPDATE STOCK'!$A:$A,A865,'UPDATE STOCK'!$G:$G,$T$2) -> 0 | U865: =SUMIFS('UPDATE STOCK'!$F:$F,'UPDATE STOCK'!$A:$A,วิเคราะห์ข้อมูล!A865,'UPDATE STOCK'!$G:$G,$U$2) -> 0 | V865: =SUMIFS('UPDATE STOCK'!$F:$F,'UPDATE STOCK'!$A:$A,วิเคราะห์ข้อมูล!A865,'UPDATE STOCK'!$G:$G,$V$2) -> 0
A866: A048-T2-16 | B866: ชุดซ่อมเบรค T/Y REVO ปี 2010-2020 (YBK) | C866: =SUMIFS('DATA UPDATE'!$L:$L,'DATA UPDATE'!$E:$E,วิเคราะห์ข้อมูล!A866,'DATA UPDATE'!$B:$B,วิเคราะห์ข้อมูล!$C$2) -> 1 | D866: =SUMIFS('DATA UPDATE'!$L:$L,'DATA UPDATE'!$E:$E,A866,'DATA UPDATE'!$B:$B,$D$2) -> 0 | E866: =SUMIFS('DATA UPDATE'!$L:$L,'DATA UPDATE'!$E:$E,A866,'DATA UPDATE'!$B:$B,$E$2) -> 0 | F866: =SUMIFS('DATA UPDATE'!$L:$L,'DATA UPDATE'!$E:$E,A866,'DATA UPDATE'!$B:$B,$F$2) -> 0 | G866: =SUMIFS('DATA UPDATE'!$L:$L,'DATA UPDATE'!$E:$E,A866,'DATA UPDATE'!$B:$B,$G$2) -> 0 | H866: =SUMIFS('DATA UPDATE'!$L:$L,'DATA UPDATE'!$E:$E,A866,'DATA UPDATE'!$B:$B,$H$2) -> 0 | I866: =SUM(C866:H866) -> 1 | J866: =SUMIFS('UPDATE STOCK'!F:F,'UPDATE STOCK'!A:A,วิเคราะห์ข้อมูล!A866) -> 0 | K866: =MAX(C866:G866) -> 1 | L866: =MIN(C866:G866) -> 0 | M866: =AVERAGE(C866:G866) -> 0.2 | N866: =M866-J866 -> 0.2 | O866: =SUMIFS('DATA UPDATE'!$L:$L,'DATA UPDATE'!$E:$E,วิเคราะห์ข้อมูล!A866,'DATA UPDATE'!$T:$T,วิเคราะห์ข้อมูล!$O$2) -> 0 | P866: =SUMIFS('DATA UPDATE'!$L:$L,'DATA UPDATE'!$E:$E,วิเคราะห์ข้อมูล!A866,'DATA UPDATE'!$T:$T,วิเคราะห์ข้อมูล!$P$2) -> 0 | Q866: =SUMIFS('DATA UPDATE'!$L:$L,'DATA UPDATE'!$E:$E,วิเคราะห์ข้อมูล!A866,'DATA UPDATE'!$T:$T,วิเคราะห์ข้อมูล!$Q$2) -> 1 | R866: =SUMIFS('DATA UPDATE'!$L:$L,'DATA UPDATE'!$D:$D,วิเคราะห์ข้อมูล!A866,'DATA UPDATE'!$T:$T,วิเคราะห์ข้อมูล!$R$2) -> 0 | S866: =SUMIFS('UPDATE STOCK'!$F:$F,'UPDATE STOCK'!$A:$A,A866,'UPDATE STOCK'!$G:$G,$S$2) -> 0 | T866: =SUMIFS('UPDATE STOCK'!$F:$F,'UPDATE STOCK'!$A:$A,A866,'UPDATE STOCK'!$G:$G,$T$2) -> 0 | U866: =SUMIFS('UPDATE STOCK'!$F:$F,'UPDATE STOCK'!$A:$A,วิเคราะห์ข้อมูล!A866,'UPDATE STOCK'!$G:$G,$U$2) -> 0 | V866: =SUMIFS('UPDATE STOCK'!$F:$F,'UPDATE STOCK'!$A:$A,วิเคราะห์ข้อมูล!A866,'UPDATE STOCK'!$G:$G,$V$2) -> 0
A867: A048-T2-62 | B867: ชุดซ่อมเบรค TOYOTA REVO ปี 2020 | C867: =SUMIFS('DATA UPDATE'!$L:$L,'DATA UPDATE'!$E:$E,วิเคราะห์ข้อมูล!A867,'DATA UPDATE'!$B:$B,วิเคราะห์ข้อมูล!$C$2) -> 1 | D867: =SUMIFS('DATA UPDATE'!$L:$L,'DATA UPDATE'!$E:$E,A867,'DATA UPDATE'!$B:$B,$D$2) -> 0 | E867: =SUMIFS('DATA UPDATE'!$L:$L,'DATA UPDATE'!$E:$E,A867,'DATA UPDATE'!$B:$B,$E$2) -> 0 | F867: =SUMIFS('DATA UPDATE'!$L:$L,'DATA UPDATE'!$E:$E,A867,'DATA UPDATE'!$B:$B,$F$2) -> 0 | G867: =SUMIFS('DATA UPDATE'!$L:$L,'DATA UPDATE'!$E:$E,A867,'DATA UPDATE'!$B:$B,$G$2) -> 0 | H867: =SUMIFS('DATA UPDATE'!$L:$L,'DATA UPDATE'!$E:$E,A867,'DATA UPDATE'!$B:$B,$H$2) -> 0 | I867: =SUM(C867:H867) -> 1 | J867: =SUMIFS('UPDATE STOCK'!F:F,'UPDATE STOCK'!A:A,วิเคราะห์ข้อมูล!A867) -> 0 | K867: =MAX(C867:G867) -> 1 | L867: =MIN(C867:G867) -> 0 | M867: =AVERAGE(C867:G867) -> 0.2 | N867: =M867-J867 -> 0.2 | O867: =SUMIFS('DATA UPDATE'!$L:$L,'DATA UPDATE'!$E:$E,วิเคราะห์ข้อมูล!A867,'DATA UPDATE'!$T:$T,วิเคราะห์ข้อมูล!$O$2) -> 0 | P867: =SUMIFS('DATA UPDATE'!$L:$L,'DATA UPDATE'!$E:$E,วิเคราะห์ข้อมูล!A867,'DATA UPDATE'!$T:$T,วิเคราะห์ข้อมูล!$P$2) -> 0 | Q867: =SUMIFS('DATA UPDATE'!$L:$L,'DATA UPDATE'!$E:$E,วิเคราะห์ข้อมูล!A867,'DATA UPDATE'!$T:$T,วิเคราะห์ข้อมูล!$Q$2) -> 1 | R867: =SUMIFS('DATA UPDATE'!$L:$L,'DATA UPDATE'!$D:$D,วิเคราะห์ข้อมูล!A867,'DATA UPDATE'!$T:$T,วิเคราะห์ข้อมูล!$R$2) -> 0 | S867: =SUMIFS('UPDATE STOCK'!$F:$F,'UPDATE STOCK'!$A:$A,A867,'UPDATE STOCK'!$G:$G,$S$2) -> 0 | T867: =SUMIFS('UPDATE STOCK'!$F:$F,'UPDATE STOCK'!$A:$A,A867,'UPDATE STOCK'!$G:$G,$T$2) -> 0 | U867: =SUMIFS('UPDATE STOCK'!$F:$F,'UPDATE STOCK'!$A:$A,วิเคราะห์ข้อมูล!A867,'UPDATE STOCK'!$G:$G,$U$2) -> 0 | V867: =SUMIFS('UPDATE STOCK'!$F:$F,'UPDATE STOCK'!$A:$A,วิเคราะห์ข้อมูล!A867,'UPDATE STOCK'!$G:$G,$V$2) -> 0
A868: A048-T2-63 | B868: ชุดซ่อมไดร์ชารจ์ T/Y REVO | C868: =SUMIFS('DATA UPDATE'!$L:$L,'DATA UPDATE'!$E:$E,วิเคราะห์ข้อมูล!A868,'DATA UPDATE'!$B:$B,วิเคราะห์ข้อมูล!$C$2) -> 0 | D868: =SUMIFS('DATA UPDATE'!$L:$L,'DATA UPDATE'!$E:$E,A868,'DATA UPDATE'!$B:$B,$D$2) -> 1 | E868: =SUMIFS('DATA UPDATE'!$L:$L,'DATA UPDATE'!$E:$E,A868,'DATA UPDATE'!$B:$B,$E$2) -> 0 | F868: =SUMIFS('DATA UPDATE'!$L:$L,'DATA UPDATE'!$E:$E,A868,'DATA UPDATE'!$B:$B,$F$2) -> 0 | G868: =SUMIFS('DATA UPDATE'!$L:$L,'DATA UPDATE'!$E:$E,A868,'DATA UPDATE'!$B:$B,$G$2) -> 0 | H868: =SUMIFS('DATA UPDATE'!$L:$L,'DATA UPDATE'!$E:$E,A868,'DATA UPDATE'!$B:$B,$H$2) -> 0 | I868: =SUM(C868:H868) -> 1 | J868: =SUMIFS('UPDATE STOCK'!F:F,'UPDATE STOCK'!A:A,วิเคราะห์ข้อมูล!A868) -> 0 | K868: =MAX(C868:G868) -> 1 | L868: =MIN(C868:G868) -> 0 | M868: =AVERAGE(C868:G868) -> 0.2 | N868: =M868-J868 -> 0.2 | O868: =SUMIFS('DATA UPDATE'!$L:$L,'DATA UPDATE'!$E:$E,วิเคราะห์ข้อมูล!A868,'DATA UPDATE'!$T:$T,วิเคราะห์ข้อมูล!$O$2) -> 1 | P868: =SUMIFS('DATA UPDATE'!$L:$L,'DATA UPDATE'!$E:$E,วิเคราะห์ข้อมูล!A868,'DATA UPDATE'!$T:$T,วิเคราะห์ข้อมูล!$P$2) -> 0 | Q868: =SUMIFS('DATA UPDATE'!$L:$L,'DATA UPDATE'!$E:$E,วิเคราะห์ข้อมูล!A868,'DATA UPDATE'!$T:$T,วิเคราะห์ข้อมูล!$Q$2) -> 0 | R868: =SUMIFS('DATA UPDATE'!$L:$L,'DATA UPDATE'!$D:$D,วิเคราะห์ข้อมูล!A868,'DATA UPDATE'!$T:$T,วิเคราะห์ข้อมูล!$R$2) -> 0 | S868: =SUMIFS('UPDATE STOCK'!$F:$F,'UPDATE STOCK'!$A:$A,A868,'UPDATE STOCK'!$G:$G,$S$2) -> 0 | T868: =SUMIFS('UPDATE STOCK'!$F:$F,'UPDATE STOCK'!$A:$A,A868,'UPDATE STOCK'!$G:$G,$T$2) -> 0 | U868: =SUMIFS('UPDATE STOCK'!$F:$F,'UPDATE STOCK'!$A:$A,วิเคราะห์ข้อมูล!A868,'UPDATE STOCK'!$G:$G,$U$2) -> 0 | V868: =SUMIFS('UPDATE STOCK'!$F:$F,'UPDATE STOCK'!$A:$A,วิเคราะห์ข้อมูล!A868,'UPDATE STOCK'!$G:$G,$V$2) -> 0
A869: A048-H11-6 | B869: ชุดซ่อมดิสเบรค H/D CITY ปี 2010-2020 | C869: =SUMIFS('DATA UPDATE'!$L:$L,'DATA UPDATE'!$E:$E,วิเคราะห์ข้อมูล!A869,'DATA UPDATE'!$B:$B,วิเคราะห์ข้อมูล!$C$2) -> 0 | D869: =SUMIFS('DATA UPDATE'!$L:$L,'DATA UPDATE'!$E:$E,A869,'DATA UPDATE'!$B:$B,$D$2) -> 0 | E869: =SUMIFS('DATA UPDATE'!$L:$L,'DATA UPDATE'!$E:$E,A869,'DATA UPDATE'!$B:$B,$E$2) -> 0 | F869: =SUMIFS('DATA UPDATE'!$L:$L,'DATA UPDATE'!$E:$E,A869,'DATA UPDATE'!$B:$B,$F$2) -> 0 | G869: =SUMIFS('DATA UPDATE'!$L:$L,'DATA UPDATE'!$E:$E,A869,'DATA UPDATE'!$B:$B,$G$2) -> 0 | H869: =SUMIFS('DATA UPDATE'!$L:$L,'DATA UPDATE'!$E:$E,A869,'DATA UPDATE'!$B:$B,$H$2) -> 1 | I869: =SUM(C869:H869) -> 1 | J869: =SUMIFS('UPDATE STOCK'!F:F,'UPDATE STOCK'!A:A,วิเคราะห์ข้อมูล!A869) -> 0 | K869: =MAX(C869:G869) -> 0 | L869: =MIN(C869:G869) -> 0 | M869: =AVERAGE(C869:G869) -> 0 | N869: =M869-J869 -> 0 | O869: =SUMIFS('DATA UPDATE'!$L:$L,'DATA UPDATE'!$E:$E,วิเคราะห์ข้อมูล!A869,'DATA UPDATE'!$T:$T,วิเคราะห์ข้อมูล!$O$2) -> 1 | P869: =SUMIFS('DATA UPDATE'!$L:$L,'DATA UPDATE'!$E:$E,วิเคราะห์ข้อมูล!A869,'DATA UPDATE'!$T:$T,วิเคราะห์ข้อมูล!$P$2) -> 0 | Q869: =SUMIFS('DATA UPDATE'!$L:$L,'DATA UPDATE'!$E:$E,วิเคราะห์ข้อมูล!A869,'DATA UPDATE'!$T:$T,วิเคราะห์ข้อมูล!$Q$2) -> 0 | R869: =SUMIFS('DATA UPDATE'!$L:$L,'DATA UPDATE'!$D:$D,วิเคราะห์ข้อมูล!A869,'DATA UPDATE'!$T:$T,วิเคราะห์ข้อมูล!$R$2) -> 0 | S869: =SUMIFS('UPDATE STOCK'!$F:$F,'UPDATE STOCK'!$A:$A,A869,'UPDATE STOCK'!$G:$G,$S$2) -> 0 | T869: =SUMIFS('UPDATE STOCK'!$F:$F,'UPDATE STOCK'!$A:$A,A869,'UPDATE STOCK'!$G:$G,$T$2) -> 0 | U869: =SUMIFS('UPDATE STOCK'!$F:$F,'UPDATE STOCK'!$A:$A,วิเคราะห์ข้อมูล!A869,'UPDATE STOCK'!$G:$G,$U$2) -> 0 | V869: =SUMIFS('UPDATE STOCK'!$F:$F,'UPDATE STOCK'!$A:$A,วิเคราะห์ข้อมูล!A869,'UPDATE STOCK'!$G:$G,$V$2) -> 0
A870: A048-N3-3 | B870: ชุดซ่อมดิสเบรค N/S NAVARA NP300 | C870: =SUMIFS('DATA UPDATE'!$L:$L,'DATA UPDATE'!$E:$E,วิเคราะห์ข้อมูล!A870,'DATA UPDATE'!$B:$B,วิเคราะห์ข้อมูล!$C$2) -> 0 | D870: =SUMIFS('DATA UPDATE'!$L:$L,'DATA UPDATE'!$E:$E,A870,'DATA UPDATE'!$B:$B,$D$2) -> 1 | E870: =SUMIFS('DATA UPDATE'!$L:$L,'DATA UPDATE'!$E:$E,A870,'DATA UPDATE'!$B:$B,$E$2) -> 0 | F870: =SUMIFS('DATA UPDATE'!$L:$L,'DATA UPDATE'!$E:$E,A870,'DATA UPDATE'!$B:$B,$F$2) -> 0 | G870: =SUMIFS('DATA UPDATE'!$L:$L,'DATA UPDATE'!$E:$E,A870,'DATA UPDATE'!$B:$B,$G$2) -> 0 | H870: =SUMIFS('DATA UPDATE'!$L:$L,'DATA UPDATE'!$E:$E,A870,'DATA UPDATE'!$B:$B,$H$2) -> 0 | I870: =SUM(C870:H870) -> 1 | J870: =SUMIFS('UPDATE STOCK'!F:F,'UPDATE STOCK'!A:A,วิเคราะห์ข้อมูล!A870) -> 0 | K870: =MAX(C870:G870) -> 1 | L870: =MIN(C870:G870) -> 0 | M870: =AVERAGE(C870:G870) -> 0.2 | N870: =M870-J870 -> 0.2 | O870: =SUMIFS('DATA UPDATE'!$L:$L,'DATA UPDATE'!$E:$E,วิเคราะห์ข้อมูล!A870,'DATA UPDATE'!$T:$T,วิเคราะห์ข้อมูล!$O$2) -> 1 | P870: =SUMIFS('DATA UPDATE'!$L:$L,'DATA UPDATE'!$E:$E,วิเคราะห์ข้อมูล!A870,'DATA UPDATE'!$T:$T,วิเคราะห์ข้อมูล!$P$2) -> 0 | Q870: =SUMIFS('DATA UPDATE'!$L:$L,'DATA UPDATE'!$E:$E,วิเคราะห์ข้อมูล!A870,'DATA UPDATE'!$T:$T,วิเคราะห์ข้อมูล!$Q$2) -> 0 | R870: =SUMIFS('DATA UPDATE'!$L:$L,'DATA UPDATE'!$D:$D,วิเคราะห์ข้อมูล!A870,'DATA UPDATE'!$T:$T,วิเคราะห์ข้อมูล!$R$2) -> 0 | S870: =SUMIFS('UPDATE STOCK'!$F:$F,'UPDATE STOCK'!$A:$A,A870,'UPDATE STOCK'!$G:$G,$S$2) -> 0 | T870: =SUMIFS('UPDATE STOCK'!$F:$F,'UPDATE STOCK'!$A:$A,A870,'UPDATE STOCK'!$G:$G,$T$2) -> 0 | U870: =SUMIFS('UPDATE STOCK'!$F:$F,'UPDATE STOCK'!$A:$A,วิเคราะห์ข้อมูล!A870,'UPDATE STOCK'!$G:$G,$U$2) -> 0 | V870: =SUMIFS('UPDATE STOCK'!$F:$F,'UPDATE STOCK'!$A:$A,วิเคราะห์ข้อมูล!A870,'UPDATE STOCK'!$G:$G,$V$2) -> 0
A871: 308-I5-27 | B871: ชุดสลักเพลาหน้า MRK NPR'06^NPR501 MRK-MI-11 | C871: =SUMIFS('DATA UPDATE'!$L:$L,'DATA UPDATE'!$E:$E,วิเคราะห์ข้อมูล!A871,'DATA UPDATE'!$B:$B,วิเคราะห์ข้อมูล!$C$2) -> 0 | D871: =SUMIFS('DATA UPDATE'!$L:$L,'DATA UPDATE'!$E:$E,A871,'DATA UPDATE'!$B:$B,$D$2) -> 1 | E871: =SUMIFS('DATA UPDATE'!$L:$L,'DATA UPDATE'!$E:$E,A871,'DATA UPDATE'!$B:$B,$E$2) -> 0 | F871: =SUMIFS('DATA UPDATE'!$L:$L,'DATA UPDATE'!$E:$E,A871,'DATA UPDATE'!$B:$B,$F$2) -> 0 | G871: =SUMIFS('DATA UPDATE'!$L:$L,'DATA UPDATE'!$E:$E,A871,'DATA UPDATE'!$B:$B,$G$2) -> 0 | H871: =SUMIFS('DATA UPDATE'!$L:$L,'DATA UPDATE'!$E:$E,A871,'DATA UPDATE'!$B:$B,$H$2) -> 0 | I871: =SUM(C871:H871) -> 1 | J871: =SUMIFS('UPDATE STOCK'!F:F,'UPDATE STOCK'!A:A,วิเคราะห์ข้อมูล!A871) -> 3 | K871: =MAX(C871:G871) -> 1 | L871: =MIN(C871:G871) -> 0 | M871: =AVERAGE(C871:G871) -> 0.2 | N871: =M871-J871 -> -2.8 | O871: =SUMIFS('DATA UPDATE'!$L:$L,'DATA UPDATE'!$E:$E,วิเคราะห์ข้อมูล!A871,'DATA UPDATE'!$T:$T,วิเคราะห์ข้อมูล!$O$2) -> 1 | P871: =SUMIFS('DATA UPDATE'!$L:$L,'DATA UPDATE'!$E:$E,วิเคราะห์ข้อมูล!A871,'DATA UPDATE'!$T:$T,วิเคราะห์ข้อมูล!$P$2) -> 0 | Q871: =SUMIFS('DATA UPDATE'!$L:$L,'DATA UPDATE'!$E:$E,วิเคราะห์ข้อมูล!A871,'DATA UPDATE'!$T:$T,วิเคราะห์ข้อมูล!$Q$2) -> 0 | R871: =SUMIFS('DATA UPDATE'!$L:$L,'DATA UPDATE'!$D:$D,วิเคราะห์ข้อมูล!A871,'DATA UPDATE'!$T:$T,วิเคราะห์ข้อมูล!$R$2) -> 0 | S871: =SUMIFS('UPDATE STOCK'!$F:$F,'UPDATE STOCK'!$A:$A,A871,'UPDATE STOCK'!$G:$G,$S$2) -> 3 | T871: =SUMIFS('UPDATE STOCK'!$F:$F,'UPDATE STOCK'!$A:$A,A871,'UPDATE STOCK'!$G:$G,$T$2) -> 0 | U871: =SUMIFS('UPDATE STOCK'!$F:$F,'UPDATE STOCK'!$A:$A,วิเคราะห์ข้อมูล!A871,'UPDATE STOCK'!$G:$G,$U$2) -> 0 | V871: =SUMIFS('UPDATE STOCK'!$F:$F,'UPDATE STOCK'!$A:$A,วิเคราะห์ข้อมูล!A871,'UPDATE STOCK'!$G:$G,$V$2) -> 0
A872: A039-T2-37 | B872: ซีลเพลาขับ T/Y ALTIS | C872: =SUMIFS('DATA UPDATE'!$L:$L,'DATA UPDATE'!$E:$E,วิเคราะห์ข้อมูล!A872,'DATA UPDATE'!$B:$B,วิเคราะห์ข้อมูล!$C$2) -> 0 | D872: =SUMIFS('DATA UPDATE'!$L:$L,'DATA UPDATE'!$E:$E,A872,'DATA UPDATE'!$B:$B,$D$2) -> 0 | E872: =SUMIFS('DATA UPDATE'!$L:$L,'DATA UPDATE'!$E:$E,A872,'DATA UPDATE'!$B:$B,$E$2) -> 0 | F872: =SUMIFS('DATA UPDATE'!$L:$L,'DATA UPDATE'!$E:$E,A872,'DATA UPDATE'!$B:$B,$F$2) -> 1 | G872: =SUMIFS('DATA UPDATE'!$L:$L,'DATA UPDATE'!$E:$E,A872,'DATA UPDATE'!$B:$B,$G$2) -> 0 | H872: =SUMIFS('DATA UPDATE'!$L:$L,'DATA UPDATE'!$E:$E,A872,'DATA UPDATE'!$B:$B,$H$2) -> 0 | I872: =SUM(C872:H872) -> 1 | J872: =SUMIFS('UPDATE STOCK'!F:F,'UPDATE STOCK'!A:A,วิเคราะห์ข้อมูล!A872) -> 0 | K872: =MAX(C872:G872) -> 1 | L872: =MIN(C872:G872) -> 0 | M872: =AVERAGE(C872:G872) -> 0.2 | N872: =M872-J872 -> 0.2 | O872: =SUMIFS('DATA UPDATE'!$L:$L,'DATA UPDATE'!$E:$E,วิเคราะห์ข้อมูล!A872,'DATA UPDATE'!$T:$T,วิเคราะห์ข้อมูล!$O$2) -> 0 | P872: =SUMIFS('DATA UPDATE'!$L:$L,'DATA UPDATE'!$E:$E,วิเคราะห์ข้อมูล!A872,'DATA UPDATE'!$T:$T,วิเคราะห์ข้อมูล!$P$2) -> 0 | Q872: =SUMIFS('DATA UPDATE'!$L:$L,'DATA UPDATE'!$E:$E,วิเคราะห์ข้อมูล!A872,'DATA UPDATE'!$T:$T,วิเคราะห์ข้อมูล!$Q$2) -> 0 | R872: =SUMIFS('DATA UPDATE'!$L:$L,'DATA UPDATE'!$D:$D,วิเคราะห์ข้อมูล!A872,'DATA UPDATE'!$T:$T,วิเคราะห์ข้อมูล!$R$2) -> 0 | S872: =SUMIFS('UPDATE STOCK'!$F:$F,'UPDATE STOCK'!$A:$A,A872,'UPDATE STOCK'!$G:$G,$S$2) -> 0 | T872: =SUMIFS('UPDATE STOCK'!$F:$F,'UPDATE STOCK'!$A:$A,A872,'UPDATE STOCK'!$G:$G,$T$2) -> 0 | U872: =SUMIFS('UPDATE STOCK'!$F:$F,'UPDATE STOCK'!$A:$A,วิเคราะห์ข้อมูล!A872,'UPDATE STOCK'!$G:$G,$U$2) -> 0 | V872: =SUMIFS('UPDATE STOCK'!$F:$F,'UPDATE STOCK'!$A:$A,วิเคราะห์ข้อมูล!A872,'UPDATE STOCK'!$G:$G,$V$2) -> 0
A873: A039-T2-76 | B873: ซีลราวลิ้น T/Y VIGO COMMUTER ปี 2010-2020 | C873: =SUMIFS('DATA UPDATE'!$L:$L,'DATA UPDATE'!$E:$E,วิเคราะห์ข้อมูล!A873,'DATA UPDATE'!$B:$B,วิเคราะห์ข้อมูล!$C$2) -> 0 | D873: =SUMIFS('DATA UPDATE'!$L:$L,'DATA UPDATE'!$E:$E,A873,'DATA UPDATE'!$B:$B,$D$2) -> 0 | E873: =SUMIFS('DATA UPDATE'!$L:$L,'DATA UPDATE'!$E:$E,A873,'DATA UPDATE'!$B:$B,$E$2) -> 0 | F873: =SUMIFS('DATA UPDATE'!$L:$L,'DATA UPDATE'!$E:$E,A873,'DATA UPDATE'!$B:$B,$F$2) -> 0 | G873: =SUMIFS('DATA UPDATE'!$L:$L,'DATA UPDATE'!$E:$E,A873,'DATA UPDATE'!$B:$B,$G$2) -> 1 | H873: =SUMIFS('DATA UPDATE'!$L:$L,'DATA UPDATE'!$E:$E,A873,'DATA UPDATE'!$B:$B,$H$2) -> 0 | I873: =SUM(C873:H873) -> 1 | J873: =SUMIFS('UPDATE STOCK'!F:F,'UPDATE STOCK'!A:A,วิเคราะห์ข้อมูล!A873) -> 0 | K873: =MAX(C873:G873) -> 1 | L873: =MIN(C873:G873) -> 0 | M873: =AVERAGE(C873:G873) -> 0.2 | N873: =M873-J873 -> 0.2 | O873: =SUMIFS('DATA UPDATE'!$L:$L,'DATA UPDATE'!$E:$E,วิเคราะห์ข้อมูล!A873,'DATA UPDATE'!$T:$T,วิเคราะห์ข้อมูล!$O$2) -> 0 | P873: =SUMIFS('DATA UPDATE'!$L:$L,'DATA UPDATE'!$E:$E,วิเคราะห์ข้อมูล!A873,'DATA UPDATE'!$T:$T,วิเคราะห์ข้อมูล!$P$2) -> 1 | Q873: =SUMIFS('DATA UPDATE'!$L:$L,'DATA UPDATE'!$E:$E,วิเคราะห์ข้อมูล!A873,'DATA UPDATE'!$T:$T,วิเคราะห์ข้อมูล!$Q$2) -> 0 | R873: =SUMIFS('DATA UPDATE'!$L:$L,'DATA UPDATE'!$D:$D,วิเคราะห์ข้อมูล!A873,'DATA UPDATE'!$T:$T,วิเคราะห์ข้อมูล!$R$2) -> 0 | S873: =SUMIFS('UPDATE STOCK'!$F:$F,'UPDATE STOCK'!$A:$A,A873,'UPDATE STOCK'!$G:$G,$S$2) -> 0 | T873: =SUMIFS('UPDATE STOCK'!$F:$F,'UPDATE STOCK'!$A:$A,A873,'UPDATE STOCK'!$G:$G,$T$2) -> 0 | U873: =SUMIFS('UPDATE STOCK'!$F:$F,'UPDATE STOCK'!$A:$A,วิเคราะห์ข้อมูล!A873,'UPDATE STOCK'!$G:$G,$U$2) -> 0 | V873: =SUMIFS('UPDATE STOCK'!$F:$F,'UPDATE STOCK'!$A:$A,วิเคราะห์ข้อมูล!A873,'UPDATE STOCK'!$G:$G,$V$2) -> 0
... A1295: A340-M1-21 | B1295: อ่างน้ำมันเครื่อง M/B TRITON | C1295: =SUMIFS('DATA UPDATE'!$L:$L,'DATA UPDATE'!$E:$E,วิเคราะห์ข้อมูล!A1295,'DATA UPDATE'!$B:$B,วิเคราะห์ข้อมูล!$C$2) -> 0 | D1295: =SUMIFS('DATA UPDATE'!$L:$L,'DATA UPDATE'!$E:$E,A1295,'DATA UPDATE'!$B:$B,$D$2) -> 0 | E1295: =SUMIFS('DATA UPDATE'!$L:$L,'DATA UPDATE'!$E:$E,A1295,'DATA UPDATE'!$B:$B,$E$2) -> 0 | F1295: =SUMIFS('DATA UPDATE'!$L:$L,'DATA UPDATE'!$E:$E,A1295,'DATA UPDATE'!$B:$B,$F$2) -> 1 | G1295: =SUMIFS('DATA UPDATE'!$L:$L,'DATA UPDATE'!$E:$E,A1295,'DATA UPDATE'!$B:$B,$G$2) -> 0 | H1295: =SUMIFS('DATA UPDATE'!$L:$L,'DATA UPDATE'!$E:$E,A1295,'DATA UPDATE'!$B:$B,$H$2) -> 0 | I1295: =SUM(C1295:H1295) -> 1 | J1295: =SUMIFS('UPDATE STOCK'!F:F,'UPDATE STOCK'!A:A,วิเคราะห์ข้อมูล!A1295) -> 0 | K1295: =MAX(C1295:G1295) -> 1 | L1295: =MIN(C1295:G1295) -> 0 | M1295: =AVERAGE(C1295:G1295) -> 0.2 | N1295: =M1295-J1295 -> 0.2 | O1295: =SUMIFS('DATA UPDATE'!$L:$L,'DATA UPDATE'!$E:$E,วิเคราะห์ข้อมูล!A1295,'DATA UPDATE'!$T:$T,วิเคราะห์ข้อมูล!$O$2) -> 1 | P1295: =SUMIFS('DATA UPDATE'!$L:$L,'DATA UPDATE'!$E:$E,วิเคราะห์ข้อมูล!A1295,'DATA UPDATE'!$T:$T,วิเคราะห์ข้อมูล!$P$2) -> 0 | Q1295: =SUMIFS('DATA UPDATE'!$L:$L,'DATA UPDATE'!$E:$E,วิเคราะห์ข้อมูล!A1295,'DATA UPDATE'!$T:$T,วิเคราะห์ข้อมูล!$Q$2) -> 0 | R1295: =SUMIFS('DATA UPDATE'!$L:$L,'DATA UPDATE'!$D:$D,วิเคราะห์ข้อมูล!A1295,'DATA UPDATE'!$T:$T,วิเคราะห์ข้อมูล!$R$2) -> 0 | S1295: =SUMIFS('UPDATE STOCK'!$F:$F,'UPDATE STOCK'!$A:$A,A1295,'UPDATE STOCK'!$G:$G,$S$2) -> 0 | T1295: =SUMIFS('UPDATE STOCK'!$F:$F,'UPDATE STOCK'!$A:$A,A1295,'UPDATE STOCK'!$G:$G,$T$2) -> 0 | U1295: =SUMIFS('UPDATE STOCK'!$F:$F,'UPDATE STOCK'!$A:$A,วิเคราะห์ข้อมูล!A1295,'UPDATE STOCK'!$G:$G,$U$2) -> 0 | V1295: =SUMIFS('UPDATE STOCK'!$F:$F,'UPDATE STOCK'!$A:$A,วิเคราะห์ข้อมูล!A1295,'UPDATE STOCK'!$G:$G,$V$2) -> 0

Sheet รายการขายออกของแต่ละช่วง
A1: วันที่ | B1: (หลายรายการ)
A2: เดือน | B2: มิถุนายน
A4: ผลรวม ของ จำนวน | C4: สาขา
A5: รหัสสินค้า | B5: รายละเอียดสินค้า | C5: 340 | D5: บางใหญ่ | E5: บางบอน | F5: ราชพฤกษ | G5: ผลรวมทั้งหมด
A6: 001-A15 | B6: น้ำมัน Transmission off SUNOCO GL-5-140 เบอร์ 140 | C6: 4 | G6: 4
A7: 001-A24 | B7: *น้ำมันเกียร์ ซันโนโก้ ออยล์ GL5 80W-90 เบอร์90 | C7: 3 | G7: 3
A8: 001-A3 | B8: *น้ำมัน Castrol CRB Monograde ซุปเปอร์ดีเซลเบอร์40 | C8: 4 | G8: 4
A9: 001-A49 | B9: *น้ำมันเกียร์-4L-(CVT) Fiuid FE-ฝาดำ | D9: 1 | G9: 1
A10: 001-C3-6 | B10: *น้ำมัน Castrol CRB TURBO 15W40 CH4 (6 ลิตร ฟรี 1 ลิตร) | C10: 2 | G10: 2
A11: 001-PTT1-1 | B11: *น้ำมันเครื่อง PTT DYNAMIC COMMONRAL 10W30 6 ลิตร | D11: 1 | G11: 1
A12: 001-PTT1-2 | B12: *น้ำมันเครื่อง PTT DYNAMIC COMMONRAIL 10W30 1 ลิตร | D12: 1 | G12: 1
A13: 001-SUN1-15 | B13: *น้ำมันเคริ่อง SUNOCO 6 ลิตร 5W30 NAVATECH FULL SYN API CK4 | F13: 1 | G13: 1
A14: 001-ZIC2-1 | B14: *น้ำมันเครื่อง ZIC X7 FE 4 ลิตร 0W20 สีเทา FULLY SYNTHETIC | F14: 1 | G14: 1
A15: 001-ZIC-X51L | B15: *น้ำมันเครื่อง ZIC X5 DIESEL 1 ลิตร 10W30 สีน้ำเงิน CI-4/SJ | D15: 2 | E15: 2 | G15: 4
A16: 001-ZIC-X54L | B16: *น้ำมันเครื่อง ZIC X5 4 ลิตร 10W30 สีน้ำเงิน SK SYNTHETIC | D16: 3 | E16: 1 | G16: 4
A17: 001-ZIC-X56L | B17: *น้ำมันเครื่อง ZIC X5 DIESEL 6 ลิตร 10W30 สีน้ำเงิน CI-4/SJ | D17: 1 | E17: 1 | G17: 2
A18: 001-ZIC-X71LB | B18: *น้ำมันเครื่อง ZIC X7 SN 1 ลิตร 5W30 สีเทา SYNTHETIC | E18: 1 | G18: 1
A19: 001-ZIC-X74L | B19: *น้ำมันเครื่อง ZIC X7 SN 4 ลิตร 5W30 สีเทา SK SYNTHETIC | E19: 1 | G19: 1
A20: 003-2-3 | B20: *น้ำยาเติมหม้อน้ำและกันสนิม Castrol 1 L Radicool SF Premix | C20: 2 | G20: 2
A21: 003-2-4 | B21: *น้ำยาเติมหม้อน้ำและกันสนิม Castrol 4 L Radicool SF Premix | C21: 1 | G21: 1
A22: 004-F1-2 | B22: กรองเครื่อง M/Z BT50 PRO /FORD Ranger BB3Q (WLL7508) WIX | D22: 1 | G22: 1
A23: 004-H11-14 | B23: กรองเครื่องCOOL GEAR 260340-0700 H/D JAZZ^CITY^CIVIC DENSO | E23: 1 | F23: 1 | G23: 2
A24: 004-H11-4 | B24: *กรองเครื่อง VALUE 15400-PR3-505 H/D CIVIC^CITY ลูกเล็ก | D24: 1 | G24: 1
A25: 004-I5-29 | B25: *กรองเครื่อง COOL GEAR 260340-25804W I/S ALL-NEW D-MAX 1.9 | C25: 1 | D25: 1 | G25: 2
A26: 004-I5-3 | B26: *กรองเครื่อง VALUE I/S D-MAX 0524 BLUE POWER1.9-8-98270524-0 | E26: 1 | G26: 1
A27: 004-M1-8 | B27: *กรองเครื่อง 1230A186 TRITON 2.5 แท้ | C27: 1 | G27: 1
A28: 004-T2-12 | B28: *กรองเครื่อง DENSO T/Y VIGO^ CAMRY 260340-0520 | F28: 1 | G28: 1
A29: 004-T2-19 | B29: *กรองเครื่อง VALUE 90915-10001^YZZE1 T/Y โคโรล่า^แคมรี่^VIOS | E29: 1 | G29: 1
A30: 004-T2-33 | B30: *กรองเครื่อง COOL GEAR 260340-05004W T/Y VIOS^ CAMRY | D30: 2 | G30: 2
A31: 007-I5-18 | B31: *กรองอากาศ COOL-GEAR 260300-0651W I/S D-MAX ALL NEW 2.5 | C31: 1 | G31: 1
A32: 007-T2-31 | B32: *กรองอากาศ COOL GEAR 260300-01004W T/Y VIOS ^YARISปี 08-12 | D32: 1 | G32: 1
A33: 025-KP-410K02 | B33: *โช๊คอัพหน้า-ขวา T/Y VIGO 2 WD (341408) SKYB | D33: 1 | G33: 1
A34: 025-KP-420K02 | B34: *โช๊คอัพหน้า-ซ้าย T/Y VIGO 2 WD (341409) SKYB | D34: 1 | G34: 1
A35: 032-I5-2 | B35: *กรองฝุ่นแอร์ HRI 2502 I/S D-MAX ALL NEW ^CHEVROLET COLORADO | C35: 1 | G35: 1
A36: 032-T2-3 | B36: *กรองฝุ่นแอร์ HRT 2102 T/Y NEW ALTIS^NEW VIOS^NEW CAMRY | D36: 1 | G36: 1
A37: 036-T2-5 | B37: *ก้ามเบรคหลัง SNB-282 T/Y HI-LUX VIGO 2WD 2004 | D37: 1 | G37: 1
A38: 076-T2-46 | B38: *ดิสเบรคหน้าคอมแพค DPM-690 T/Y VIGO 2WD 04-08^ INNOVA 06UP | E38: 1 | G38: 1
A39: 130-CFBC-6 | B39: ผลิตภัณฑ์ทำความสะอาดเบรกและชิ้นส่วนเบรก FORTRON | D39: 2 | E39: 2 | G39: 4
A40: 130-TFBF-5 | B40: น้ำมันเบรก ซุปเปอร์ DOT 4 FORTRON | D40: 4 | G40: 4
A41: 130-TFEF-3 | B41: ผลิตภัณฑ์ทำความสะอาดภายในเครื่องยนต์ FORTRON | D41: 2 | G41: 2
A42: 130-TFGP-1 | B42: ผลิตภัณฑ์ทำความสะอาด ขจัดความชื่นระบบเชื้อเพลิงเบนชินFORTRON | D42: 1 | G42: 1
A43: 130-TFOF-4 | B43: ผลิตภัณฑ์บำรุงรักษาและเพิ่มกำลังเครื่องยนต์ FORTRON | D43: 1 | G43: 1
A44: 155-1-12 | B44: แหวนทองแดง 12 mm # 20 หนา 1.5 | D44: 2 | G44: 2
A45: 155-1-14 | B45: แหวนทองแดง 14 mm # 20 หนา 1.5 | C45: 2 | D45: 2 | E45: 2 | F45: 2 | G45: 8
A46: 155-3 | B46: แหวนประเก็นรองน็อต 12M #14 | E46: 1 | G46: 1
A47: 200-2-16 | B47: *ที่ปัดน้ำฝน BOSH 16" | D47: 1 | G47: 1
A48: 200-2-22 | B48: *ที่ปัดน้ำฝน BOSH 22" | D48: 1 | G48: 1
A49: A011-T2-54 | B49: ปีกนกล่าง ซ้าย-ขวา T/Y SIENTA ปี 2017 (TRW) | F49: 2 | G49: 2
A50: A015-T2-47 | B50: ลูกหมากคันชักนอก T/Y INNOVA ปี2010-2020 (555) | D50: 2 | G50: 2
A51: A019-T2-58 | B51: ลูกหมากแร็ค T/Y INNOVA ปี2010-2020 (555) | D51: 2 | G51: 2
A52: A01-LLIT003 | B52: ร่มหลิงหลง 24 นิ้ว 30 นิ้ว | D52: 2 | G52: 2
A53: A024-T2-121 | B53: ลูกปืนล้อหน้า T/Y INNOVA ปี2010-2020 | D53: 2 | G53: 2
A54: A025-H11-63 | B54: โช๊คอัพหลัง H/D JAZZ GK ปี 2014-2019 (TKC) | F54: 2 | G54: 2
A55: A039-T2-77 | B55: ซีลล้อหน้า T/Y INNOVA ปี2010-2020 | D55: 2 | G55: 2
A56: A077-T2-25 | B56: ผ้าเบรคหน้า T/Y INNOVA ปี 2010-2020 (ADVICS) | D56: 1 | G56: 1
A57: A110-T2-53 | B57: ยางหุ้มแร็ค T/Y INNOVA ปี2010-2020 (RBI) | D57: 2 | G57: 2
A58: A131-T2-47 | B58: ลูกหมากกันโคลง T/Y INNOVA ปี2010-2020 (RBI) | D58: 2 | G58: 2
A59: A131-T2-68 | B59: ลูกหมากกันโคลง (R-L) T/Y SIENTA ปี 2017 (TRW) | F59: 2 | G59: 2
A60: BS1956515-TECHNO | B60: 195/65R15 91H BS TECHNO | F60: 4 | G60: 4
A61: BS2055516-T6 | B61: 205/55R16 94W XL BS TURANZA 6 | F61: 4 | G61: 4
A62: BS2156516-R611 | B62: 215/65R16C 106/104S BS DURAVIS R611 | E62: 4 | G62: 4
A63: BS2157015-R611 | B63: 215/70R15C 106/104S BS DURAVIS R611 | D63: 2 | E63: 4 | G63: 6
A64: BS2355519-HL001 | B64: 235/55R19 ECOPIA H/L001 101V | F64: 4 | G64: 4
A65: CP15 | B65: ร่ม Cockpit 30 ไฟเบอร์ ออโต้ | F65: 3 | G65: 3
A66: DL1856015-EC300+ | B66: 185/60R15 84H EC300+ | D66: 4 | G66: 4
A67: DS2157015-T88 | B67: 215/70 R15C 109/107R 8PR TITANZ T88 [DTT7015 D U] DS EU | C67: 2 | G67: 2
A68: DS2555018-STORMZB | B68: 255/50 R18 106V XL STORMZ RS BSW [DSB5058 U] DS EU | C68: 2 | G68: 2
A69: J001 | B69: TR413 VALVE MASTER EPDM | C69: 6 | D69: 10 | E69: 8 | F69: 16 | G69: 40
A70: LLIT2056515-CW/HP010 | B70: 205/65R15 CrossWind HP010 94H | D70: 4 | G70: 4
A71: LLIT2157015-GMVP | B71: 215/70R15C 8PR G-M Van PLUS 109/107R LL | C71: 2 | G71: 2
A72: ML2257514-XCD2 | B72: 225/75R14C115/113P TLXCD2PR8 MI | E72: 1 | G72: 1
A73: ML2257515-XCD2 | B73: 225/75R15C116/114Q TLXCD2PR8 MI | C73: 2 | G73: 2
A74: PR2355517-APRO | B74: 235/55R17 103Y XL AQUILA PRO | F74: 4 | G74: 4
A75: S-010 | B75: เส้นใยปะยาง-รถเล็ก/รถใหญ่ | F75: 2 | G75: 2
A76: ผลรวมทั้งหมด | C76: 36 | D76: 70 | E76: 32 | F76: 49 | G76: 187

Sheet DATA UPDATE
A1: วันที่ | B1: เดือน | C1: ปี | D1: รหัสลูกค้า | E1: รหัสสินค้า | F1: รายละเอียดสินค้า | G1: รายละเอียด | H1: ยี่ห้อ | I1: INV ลูกค้า | J1: ชื่อลูกค้า | K1: ผู้แทนขาย | L1: จำนวน | M1: ราคาขาย | N1: ส่วนลดรวม | O1: ส่วนลดต่อเส้น | P1: มูลค่ารวม | Q1: ภาษี 7% | R1: มูลค่ารวมภาษี | S1: คลัง | T1: สาขา
A2: 01/01/2026 | B2: มกราคม | C2: 2026 | D2: CP-13647 | E2: DL1856015-EC300+ | F2: 185/60R15 84H EC300+ | G2: ยางเล็ก DL | H2: DUNLOP | I2: CS.6256901/001 | J2: คุณ ปณิธิ จันทรรอด | K2: C13 | L2: 4 | M2: 2700 | N2: 2700 | P2: 7570.09 | Q2: 529.91 | R2: 8100 | S2: CP02Y25-M11 | T2: {=_xlfn.IFS(ISNUMBER(SEARCH("CP02",S2)),"ราชพฤกษ",ISNUMBER(SEARCH("CP03",S2)),"บางใหญ่",ISNUMBER(SEARCH("CP04",S2)),"บางบอน",OR(ISNUMBER(SEARCH("CP",S2)),ISNUMBER(SEARCH("BTC",D2))),"340",TRUE,"")} -> ราชพฤกษ
A3: 01/01/2026 | B3: มกราคม | C3: 2026 | D3: CP-13647 | E3: J001 | F3: TR413 VALVE MASTER EPDM | G3: อะไหล่ยางเล็ก | H3: อะไหล่นอก | I3: CS.6256901/001 | J3: คุณ ปณิธิ จันทรรอด | K3: C13 | L3: 4 | M3: 60 | N3: 0 | P3: 0 | Q3: 0 | R3: 0 | S3: CP02A | T3: {=_xlfn.IFS(ISNUMBER(SEARCH("CP02",S3)),"ราชพฤกษ",ISNUMBER(SEARCH("CP03",S3)),"บางใหญ่",ISNUMBER(SEARCH("CP04",S3)),"บางบอน",OR(ISNUMBER(SEARCH("CP",S3)),ISNUMBER(SEARCH("BTC",D3))),"340",TRUE,"")} -> ราชพฤกษ
A4: 01/01/2026 | B4: มกราคม | C4: 2026 | D4: CP-13647 | E4: SY03-0005 | F4: ค่าบริการ ถ่วงล้อ ขนาดกระทะล้อต่ำกว่า 18" (ยางรถยนต์ทั่วไป) | G4: ค่าแรง-ยางเล็ก | H4: ไม่กำหนด | I4: CS.6256901/001 | J4: คุณ ปณิธิ จันทรรอด | K4: C13 | L4: 4 | M4: 120 | N4: 0 | P4: 0 | Q4: 0 | R4: 0 | S4: CP02N | T4: {=_xlfn.IFS(ISNUMBER(SEARCH("CP02",S4)),"ราชพฤกษ",ISNUMBER(SEARCH("CP03",S4)),"บางใหญ่",ISNUMBER(SEARCH("CP04",S4)),"บางบอน",OR(ISNUMBER(SEARCH("CP",S4)),ISNUMBER(SEARCH("BTC",D4))),"340",TRUE,"")} -> ราชพฤกษ
A5: 01/01/2026 | B5: มกราคม | C5: 2026 | D5: CP-13647 | E5: SA01-00001 | F5: ค่าบริการ ตั้งศูนย์ล้อ ขนาดกระทะล้อต่ำกว่า 18" | G5: ค่าบริการตั้งศูนย์-ยางเล็ก | H5: ไม่กำหนด | I5: CS.6256901/001 | J5: คุณ ปณิธิ จันทรรอด | K5: C13 | L5: 1 | M5: 400 | N5: 0 | P5: 0 | Q5: 0 | R5: 0 | S5: CP02N | T5: {=_xlfn.IFS(ISNUMBER(SEARCH("CP02",S5)),"ราชพฤกษ",ISNUMBER(SEARCH("CP03",S5)),"บางใหญ่",ISNUMBER(SEARCH("CP04",S5)),"บางบอน",OR(ISNUMBER(SEARCH("CP",S5)),ISNUMBER(SEARCH("BTC",D5))),"340",TRUE,"")} -> ราชพฤกษ
A6: 01/01/2026 | B6: มกราคม | C6: 2026 | D6: CP-13647 | E6: G01-DL001 | F6: แก้วน้ำ DUNLOP | G6: ของแจกของแถม | H6: DUNLOP | I6: CS.6256901/001 | J6: คุณ ปณิธิ จันทรรอด | K6: C13 | L6: 2 | M6: 1 | N6: 0 | P6: 0 | Q6: 0 | R6: 0 | S6: CP02N | T6: {=_xlfn.IFS(ISNUMBER(SEARCH("CP02",S6)),"ราชพฤกษ",ISNUMBER(SEARCH("CP03",S6)),"บางใหญ่",ISNUMBER(SEARCH("CP04",S6)),"บางบอน",OR(ISNUMBER(SEARCH("CP",S6)),ISNUMBER(SEARCH("BTC",D6))),"340",TRUE,"")} -> ราชพฤกษ
A7: 01/01/2026 | B7: มกราคม | C7: 2026 | D7: CP-18206 | E7: DL2157015-LT37 | F7: 215/70R15C 109/107S SPLT37 | G7: ยางเล็ก DL | H7: DUNLOP | I7: CS.6256901/002 | J7: คุณอำนาจ ทิพวงษ์ | K7: C13 | L7: 4 | M7: 3160 | N7: 3160 | P7: 8859.81 | Q7: 620.19 | R7: 9480 | S7: CP02Y25-M08 | T7: {=_xlfn.IFS(ISNUMBER(SEARCH("CP02",S7)),"ราชพฤกษ",ISNUMBER(SEARCH("CP03",S7)),"บางใหญ่",ISNUMBER(SEARCH("CP04",S7)),"บางบอน",OR(ISNUMBER(SEARCH("CP",S7)),ISNUMBER(SEARCH("BTC",D7))),"340",TRUE,"")} -> ราชพฤกษ
A8: 01/01/2026 | B8: มกราคม | C8: 2026 | D8: CP-18206 | E8: J001 | F8: TR413 VALVE MASTER EPDM | G8: อะไหล่ยางเล็ก | H8: อะไหล่นอก | I8: CS.6256901/002 | J8: คุณอำนาจ ทิพวงษ์ | K8: C13 | L8: 4 | M8: 60 | N8: 0 | P8: 0 | Q8: 0 | R8: 0 | S8: CP02A | T8: {=_xlfn.IFS(ISNUMBER(SEARCH("CP02",S8)),"ราชพฤกษ",ISNUMBER(SEARCH("CP03",S8)),"บางใหญ่",ISNUMBER(SEARCH("CP04",S8)),"บางบอน",OR(ISNUMBER(SEARCH("CP",S8)),ISNUMBER(SEARCH("BTC",D8))),"340",TRUE,"")} -> ราชพฤกษ
A9: 01/01/2026 | B9: มกราคม | C9: 2026 | D9: CP-18206 | E9: SY03-0005 | F9: ค่าบริการ ถ่วงล้อ ขนาดกระทะล้อต่ำกว่า 18" (ยางรถยนต์ทั่วไป) | G9: ค่าแรง-ยางเล็ก | H9: ไม่กำหนด | I9: CS.6256901/002 | J9: คุณอำนาจ ทิพวงษ์ | K9: C13 | L9: 4 | M9: 120 | N9: 0 | P9: 0 | Q9: 0 | R9: 0 | S9: CP02N | T9: {=_xlfn.IFS(ISNUMBER(SEARCH("CP02",S9)),"ราชพฤกษ",ISNUMBER(SEARCH("CP03",S9)),"บางใหญ่",ISNUMBER(SEARCH("CP04",S9)),"บางบอน",OR(ISNUMBER(SEARCH("CP",S9)),ISNUMBER(SEARCH("BTC",D9))),"340",TRUE,"")} -> ราชพฤกษ
A10: 01/01/2026 | B10: มกราคม | C10: 2026 | D10: CP-18206 | E10: SA01-00001 | F10: ค่าบริการ ตั้งศูนย์ล้อ ขนาดกระทะล้อต่ำกว่า 18" | G10: ค่าบริการตั้งศูนย์-ยางเล็ก | H10: ไม่กำหนด | I10: CS.6256901/002 | J10: คุณอำนาจ ทิพวงษ์ | K10: C13 | L10: 1 | M10: 400 | N10: 0 | P10: 0 | Q10: 0 | R10: 0 | S10: CP02N | T10: {=_xlfn.IFS(ISNUMBER(SEARCH("CP02",S10)),"ราชพฤกษ",ISNUMBER(SEARCH("CP03",S10)),"บางใหญ่",ISNUMBER(SEARCH("CP04",S10)),"บางบอน",OR(ISNUMBER(SEARCH("CP",S10)),ISNUMBER(SEARCH("BTC",D10))),"340",TRUE,"")} -> ราชพฤกษ
A11: 01/01/2026 | B11: มกราคม | C11: 2026 | D11: CP-18206 | E11: B01-DL001 | F11: กระเป๋าเก็บความเย็น DUNLOP | G11: ของแจกของแถม | H11: DUNLOP | I11: CS.6256901/002 | J11: คุณอำนาจ ทิพวงษ์ | K11: C13 | L11: 1 | M11: 1 | N11: 0 | P11: 0 | Q11: 0 | R11: 0 | S11: CP02N | T11: {=_xlfn.IFS(ISNUMBER(SEARCH("CP02",S11)),"ราชพฤกษ",ISNUMBER(SEARCH("CP03",S11)),"บางใหญ่",ISNUMBER(SEARCH("CP04",S11)),"บางบอน",OR(ISNUMBER(SEARCH("CP",S11)),ISNUMBER(SEARCH("BTC",D11))),"340",TRUE,"")} -> ราชพฤกษ
A12: 01/01/2026 | B12: มกราคม | C12: 2026 | D12: CP-18208 | E12: BS2155517-T6 | F12: 215/55R17 94W BS TURANZA 6 | G12: ยางเล็ก BS | H12: BSยางเล็ก | I12: CS.6256901/003 | J12: คุณมงคล พฤกษอรุณ | K12: C13 | L12: 1 | M12: 5990 | N12: 0 | P12: 5598.13 | Q12: 391.87 | R12: 5990 | S12: CP02Y25-M10 | T12: {=_xlfn.IFS(ISNUMBER(SEARCH("CP02",S12)),"ราชพฤกษ",ISNUMBER(SEARCH("CP03",S12)),"บางใหญ่",ISNUMBER(SEARCH("CP04",S12)),"บางบอน",OR(ISNUMBER(SEARCH("CP",S12)),ISNUMBER(SEARCH("BTC",D12))),"340",TRUE,"")} -> ราชพฤกษ
A13: 01/01/2026 | B13: มกราคม | C13: 2026 | D13: CP-12717 | E13: DL1856015-EC300+ | F13: 185/60R15 84H EC300+ | G13: ยางเล็ก DL | H13: DUNLOP | I13: CS.8256901/001 | J13: คุณ พิกรม อโศกบุญรัตน์ | K13: C10 | L13: 4 | M13: 2700 | N13: 2700 | P13: 7570.09 | Q13: 529.91 | R13: 8100 | S13: CP03Y25-M11 | T13: {=_xlfn.IFS(ISNUMBER(SEARCH("CP02",S13)),"ราชพฤกษ",ISNUMBER(SEARCH("CP03",S13)),"บางใหญ่",ISNUMBER(SEARCH("CP04",S13)),"บางบอน",OR(ISNUMBER(SEARCH("CP",S13)),ISNUMBER(SEARCH("BTC",D13))),"340",TRUE,"")} -> บางใหญ่
... A8468: 15/05/2026 | B8468: พฤษภาคม | C8468: 2026 | D8468: CP-09010 | E8468: A096-H11-44 | F8468: กันกระแทกหน้า HONDA FREED 08-16 | G8468: อะไหล่นอก ยางเล็ก | H8468: ไม่กำหนด | I8468: CS.2256905/027 | J8468: บริษัท สิงค์-ไทย รีไซเคิล จำกัด | K8468: BB/พงษ์ | L8468: 2 | M8468: 260 | N8468: 0 | P8468: 485.98 | Q8468: 34.02 | R8468: 520 | S8468: CP04A | T8468: {=_xlfn.IFS(ISNUMBER(SEARCH("CP02",S8468)),"ราชพฤกษ",ISNUMBER(SEARCH("CP03",S8468)),"บางใหญ่",ISNUMBER(SEARCH("CP04",S8468)),"บางบอน",OR(ISNUMBER(SEARCH("CP",S8468)),ISNUMBER(SEARCH("BTC",D8468))),"340",TRUE,"")} -> บางบอน
A8469: 15/05/2026 | B8469: พฤษภาคม | C8469: 2026 | D8469: BTC-0000339 | E8469: 9002 | F8469: จำนวนรถเข้า | G8469: อะไหล่sac | H8469: ไม่กำหนด | I8469: CS.2256905/028 | J8469: บริษัท เมอร์เมดโลจิสติกส์ จำกัด | K8469: B1 | L8469: 1 | M8469: 1 | N8469: 1 | P8469: 0 | Q8469: 0 | R8469: 0 | S8469: BTCN | T8469: {=_xlfn.IFS(ISNUMBER(SEARCH("CP02",S8469)),"ราชพฤกษ",ISNUMBER(SEARCH("CP03",S8469)),"บางใหญ่",ISNUMBER(SEARCH("CP04",S8469)),"บางบอน",OR(ISNUMBER(SEARCH("CP",S8469)),ISNUMBER(SEARCH("BTC",D8469))),"340",TRUE,"")} -> 340
A8470: 15/05/2026 | B8470: พฤษภาคม | C8470: 2026 | D8470: BTC-0000339 | E8470: LL1122518-KTT307 | F8470: 11R22.5 18PR KTT307 149/146K LL TIS | G8470: ยางใหญ่ LL TBR/LTR (ยางใหญ่) | H8470: LINGLONG ยางใหญ่ | I8470: CS.2256905/028 | J8470: บริษัท เมอร์เมดโลจิสติกส์ จำกัด | K8470: B1 | L8470: 1 | M8470: 5200 | N8470: 0 | P8470: 4859.81 | Q8470: 340.19 | R8470: 5200 | S8470: BTCY26-M04 | T8470: {=_xlfn.IFS(ISNUMBER(SEARCH("CP02",S8470)),"ราชพฤกษ",ISNUMBER(SEARCH("CP03",S8470)),"บางใหญ่",ISNUMBER(SEARCH("CP04",S8470)),"บางบอน",OR(ISNUMBER(SEARCH("CP",S8470)),ISNUMBER(SEARCH("BTC",D8470))),"340",TRUE,"")} -> 340
A8471: 15/05/2026 | B8471: พฤษภาคม | C8471: 2026 | D8471: BTC-0000339 | E8471: SY03-000029 | F8471: *ค่าบริการ ถอดใส่ยางแบบไม่ใช้ยางใน-รถใหญ่ | G8471: ค่าแรง-ยางใหญ่ | H8471: ไม่กำหนด | I8471: CS.2256905/029 | J8471: บริษัท เมอร์เมดโลจิสติกส์ จำกัด | K8471: B1 | L8471: 1 | M8471: 250 | N8471: 100 | P8471: 140.19 | Q8471: 9.81 | R8471: 150 | S8471: BTCN | T8471: {=_xlfn.IFS(ISNUMBER(SEARCH("CP02",S8471)),"ราชพฤกษ",ISNUMBER(SEARCH("CP03",S8471)),"บางใหญ่",ISNUMBER(SEARCH("CP04",S8471)),"บางบอน",OR(ISNUMBER(SEARCH("CP",S8471)),ISNUMBER(SEARCH("BTC",D8471))),"340",TRUE,"")} -> 340
A8472: 15/05/2026 | B8472: พฤษภาคม | C8472: 2026 | D8472: CP-18836 | E8472: 128-GS-MFX50L | F8472: *แบตเตอรี่แห้ง GS BAGS MFX-50L 40แอมป์/ชั่วโมง | G8472: อะไหล่ยางเล็ก | H8472: ไม่กำหนด | I8472: CS.2256905/030 | J8472: คุณกิตติยา บุญทองดี | K8472: BB/ปูน | L8472: 1 | M8472: 2330 | N8472: 200 | P8472: 1990.65 | Q8472: 139.35 | R8472: 2130 | S8472: CP04A | T8472: {=_xlfn.IFS(ISNUMBER(SEARCH("CP02",S8472)),"ราชพฤกษ",ISNUMBER(SEARCH("CP03",S8472)),"บางใหญ่",ISNUMBER(SEARCH("CP04",S8472)),"บางบอน",OR(ISNUMBER(SEARCH("CP",S8472)),ISNUMBER(SEARCH("BTC",D8472))),"340",TRUE,"")} -> บางบอน
A8473: 15/05/2026 | B8473: พฤษภาคม | C8473: 2026 | D8473: CP-18829 | E8473: PL2454519-PZ4 | F8473: 245/45R19 PZERO PZ4 102Y MO | G8473: ยางเล็ก PIRELLI | H8473: PIRELLI | I8473: CS.6256905/018 | J8473: บริษัท อีเด็นคัลเลอร์(ประเทศไทย) จำกัด | K8473: C13 | L8473: 2 | M8473: 12600 | N8473: 1000 | P8473: 22616.82 | Q8473: 1583.18 | R8473: 24200 | S8473: CP02Y25-M10 | T8473: {=_xlfn.IFS(ISNUMBER(SEARCH("CP02",S8473)),"ราชพฤกษ",ISNUMBER(SEARCH("CP03",S8473)),"บางใหญ่",ISNUMBER(SEARCH("CP04",S8473)),"บางบอน",OR(ISNUMBER(SEARCH("CP",S8473)),ISNUMBER(SEARCH("BTC",D8473))),"340",TRUE,"")} -> ราชพฤกษ
A8474: 15/05/2026 | B8474: พฤษภาคม | C8474: 2026 | D8474: CP-18829 | E8474: PL2754019-PZ4 | F8474: 275/40R19 PZERO PZ4 101Y MO | G8474: ยางเล็ก PIRELLI | H8474: PIRELLI | I8474: CS.6256905/018 | J8474: บริษัท อีเด็นคัลเลอร์(ประเทศไทย) จำกัด | K8474: C13 | L8474: 2 | M8474: 13000 | N8474: 1000 | P8474: 23364.49 | Q8474: 1635.51 | R8474: 25000 | S8474: CP02Y26-M01 | T8474: {=_xlfn.IFS(ISNUMBER(SEARCH("CP02",S8474)),"ราชพฤกษ",ISNUMBER(SEARCH("CP03",S8474)),"บางใหญ่",ISNUMBER(SEARCH("CP04",S8474)),"บางบอน",OR(ISNUMBER(SEARCH("CP",S8474)),ISNUMBER(SEARCH("BTC",D8474))),"340",TRUE,"")} -> ราชพฤกษ
A8475: 15/05/2026 | B8475: พฤษภาคม | C8475: 2026 | D8475: CP-18829 | E8475: SY03-0006 | F8475: ค่าบริการ ถ่วงล้อ ขนาดกระทะล้อ 18" ขึ้นไป (ยางรถยนต์ทั่วไป) | G8475: ค่าแรง-ยางเล็ก | H8475: ไม่กำหนด | I8475: CS.6256905/018 | J8475: บริษัท อีเด็นคัลเลอร์(ประเทศไทย) จำกัด | K8475: C13 | L8475: 4 | M8475: 150 | N8475: 0 | P8475: 0 | Q8475: 0 | R8475: 0 | S8475: CP02N | T8475: {=_xlfn.IFS(ISNUMBER(SEARCH("CP02",S8475)),"ราชพฤกษ",ISNUMBER(SEARCH("CP03",S8475)),"บางใหญ่",ISNUMBER(SEARCH("CP04",S8475)),"บางบอน",OR(ISNUMBER(SEARCH("CP",S8475)),ISNUMBER(SEARCH("BTC",D8475))),"340",TRUE,"")} -> ราชพฤกษ
A8476: 15/05/2026 | B8476: พฤษภาคม | C8476: 2026 | D8476: CP-18829 | E8476: SA01-00002 | F8476: ค่าบริการ ตั้งศูนย์ล้อ ขนาดกระทะล้อ 18" ขึ้นไป | G8476: ค่าบริการตั้งศูนย์-ยางเล็ก | H8476: ไม่กำหนด | I8476: CS.6256905/018 | J8476: บริษัท อีเด็นคัลเลอร์(ประเทศไทย) จำกัด | K8476: C13 | L8476: 1 | M8476: 500 | N8476: 0 | P8476: 0 | Q8476: 0 | R8476: 0 | S8476: CP02N | T8476: {=_xlfn.IFS(ISNUMBER(SEARCH("CP02",S8476)),"ราชพฤกษ",ISNUMBER(SEARCH("CP03",S8476)),"บางใหญ่",ISNUMBER(SEARCH("CP04",S8476)),"บางบอน",OR(ISNUMBER(SEARCH("CP",S8476)),ISNUMBER(SEARCH("BTC",D8476))),"340",TRUE,"")} -> ราชพฤกษ
A8477: 15/05/2026 | B8477: พฤษภาคม | C8477: 2026 | D8477: CP-18829 | E8477: CP15 | F8477: ร่ม Cockpit 30 ไฟเบอร์ ออโต้ | G8477: ของแจกของแถม | H8477: BSยางเล็ก | I8477: CS.6256905/018 | J8477: บริษัท อีเด็นคัลเลอร์(ประเทศไทย) จำกัด | K8477: C13 | L8477: 1 | M8477: 1 | N8477: 0 | P8477: 0 | Q8477: 0 | R8477: 0 | S8477: CP02N | T8477: {=_xlfn.IFS(ISNUMBER(SEARCH("CP02",S8477)),"ราชพฤกษ",ISNUMBER(SEARCH("CP03",S8477)),"บางใหญ่",ISNUMBER(SEARCH("CP04",S8477)),"บางบอน",OR(ISNUMBER(SEARCH("CP",S8477)),ISNUMBER(SEARCH("BTC",D8477))),"340",TRUE,"")} -> ราชพฤกษ
A8478: 15/05/2026 | B8478: พฤษภาคม | C8478: 2026 | D8478: CP-18833 | E8478: SY03-000103 | F8478: บริการเปลี่ยนยาง เรดดี้ควิก *1000* | G8478: ค่าบริการ | H8478: ไม่กำหนด | I8478: CS.8256905/084 | J8478: คุณ รินทร์ลภัส สุทธา | K8478: C10 | L8478: 1 | M8478: 1000 | N8478: 0 | P8478: 934.58 | Q8478: 65.42 | R8478: 1000 | S8478: CP03N | T8478: {=_xlfn.IFS(ISNUMBER(SEARCH("CP02",S8478)),"ราชพฤกษ",ISNUMBER(SEARCH("CP03",S8478)),"บางใหญ่",ISNUMBER(SEARCH("CP04",S8478)),"บางบอน",OR(ISNUMBER(SEARCH("CP",S8478)),ISNUMBER(SEARCH("BTC",D8478))),"340",TRUE,"")} -> บางใหญ่
A8479: 15/05/2026 | B8479: พฤษภาคม | C8479: 2026 | D8479: CP-18833 | E8479: SY03-00012 | F8479: ค่าบริการ เปลี่ยนถ่ายลมไนโตรเจน/ล้อ | G8479: ค่าแรง-ยางเล็ก | H8479: ไม่กำหนด | I8479: CS.8256905/084 | J8479: คุณ รินทร์ลภัส สุทธา | K8479: C10 | L8479: 4 | M8479: 50 | N8479: 0 | P8479: 186.92 | Q8479: 13.08 | R8479: 200 | S8479: CP03N | T8479: {=_xlfn.IFS(ISNUMBER(SEARCH("CP02",S8479)),"ราชพฤกษ",ISNUMBER(SEARCH("CP03",S8479)),"บางใหญ่",ISNUMBER(SEARCH("CP04",S8479)),"บางบอน",OR(ISNUMBER(SEARCH("CP",S8479)),ISNUMBER(SEARCH("BTC",D8479))),"340",TRUE,"")} -> บางใหญ่
A8480: 15/05/2026 | B8480: พฤษภาคม | C8480: 2026 | D8480: CP-18833 | E8480: 032-H11-4 | F8480: *กรองฝุ่นแอร์ H/D CIVIC FC | G8480: อะไหล่ยางเล็ก | H8480: ไม่กำหนด | I8480: CS.8256905/084 | J8480: คุณ รินทร์ลภัส สุทธา | K8480: C10 | L8480: 1 | M8480: 300 | N8480: 0 | P8480: 280.37 | Q8480: 19.63 | R8480: 300 | S8480: CP03A | T8480: {=_xlfn.IFS(ISNUMBER(SEARCH("CP02",S8480)),"ราชพฤกษ",ISNUMBER(SEARCH("CP03",S8480)),"บางใหญ่",ISNUMBER(SEARCH("CP04",S8480)),"บางบอน",OR(ISNUMBER(SEARCH("CP",S8480)),ISNUMBER(SEARCH("BTC",D8480))),"340",TRUE,"")} -> บางใหญ่
A8481: 15/05/2026 | B8481: พฤษภาคม | C8481: 2026 | D8481: CP-18833 | E8481: 007-H11-32 | F8481: *กรองอากาศ COOL GEAR 260300-06104W H/D CITY 09^JAZZ 08 | G8481: อะไหล่ยางเล็ก | H8481: ไม่กำหนด | I8481: CS.8256905/084 | J8481: คุณ รินทร์ลภัส สุทธา | K8481: C10 | L8481: 1 | M8481: 480 | N8481: 0 | P8481: 448.6 | Q8481: 31.4 | R8481: 480 | S8481: CP03A | T8481: {=_xlfn.IFS(ISNUMBER(SEARCH("CP02",S8481)),"ราชพฤกษ",ISNUMBER(SEARCH("CP03",S8481)),"บางใหญ่",ISNUMBER(SEARCH("CP04",S8481)),"บางบอน",OR(ISNUMBER(SEARCH("CP",S8481)),ISNUMBER(SEARCH("BTC",D8481))),"340",TRUE,"")} -> บางใหญ่
... A8647: 18/05/2026 | B8647: พฤษภาคม | C8647: 2026 | D8647: CP-12126 | E8647: SA01-00001 | F8647: ค่าบริการ ตั้งศูนย์ล้อ ขนาดกระทะล้อต่ำกว่า 18" | G8647: ค่าบริการตั้งศูนย์-ยางเล็ก | H8647: ไม่กำหนด | I8647: CS5256905/0030 | J8647: คุณวิฑูร สุทธิโพธิ์ | K8647: A /เอ | L8647: 1 | M8647: 400 | N8647: 0 | P8647: 0 | Q8647: 0 | R8647: 0 | S8647: CPN | T8647: {=_xlfn.IFS(ISNUMBER(SEARCH("CP02",S8647)),"ราชพฤกษ",ISNUMBER(SEARCH("CP03",S8647)),"บางใหญ่",ISNUMBER(SEARCH("CP04",S8647)),"บางบอน",OR(ISNUMBER(SEARCH("CP",S8647)),ISNUMBER(SEARCH("BTC",D8647))),"340",TRUE,"")} -> 340
A8648: 18/05/2026 | B8648: พฤษภาคม | C8648: 2026 | D8648: BTC-0000339 | E8648: 9002 | F8648: จำนวนรถเข้า | G8648: อะไหล่sac | H8648: ไม่กำหนด | I8648: IS.5256905/001 | J8648: บริษัท เมอร์เมดโลจิสติกส์ จำกัด | K8648: B1 | L8648: -1 | M8648: -1 | N8648: -1 | P8648: 0 | Q8648: 0 | R8648: 0 | S8648: BTCN | T8648: {=_xlfn.IFS(ISNUMBER(SEARCH("CP02",S8648)),"ราชพฤกษ",ISNUMBER(SEARCH("CP03",S8648)),"บางใหญ่",ISNUMBER(SEARCH("CP04",S8648)),"บางบอน",OR(ISNUMBER(SEARCH("CP",S8648)),ISNUMBER(SEARCH("BTC",D8648))),"340",TRUE,"")} -> 340
A8649: 18/05/2026 | B8649: พฤษภาคม | C8649: 2026 | D8649: BTC-0000339 | E8649: LL1122518-KTT307 | F8649: 11R22.5 18PR KTT307 149/146K LL TIS | G8649: ยางใหญ่ LL TBR/LTR (ยางใหญ่) | H8649: LINGLONG ยางใหญ่ | I8649: IS.5256905/001 | J8649: บริษัท เมอร์เมดโลจิสติกส์ จำกัด | K8649: B1 | L8649: -1 | M8649: -5200 | N8649: 0 | P8649: -4859.81 | Q8649: -340.19 | R8649: -5200 | S8649: BTCY26-M04 | T8649: {=_xlfn.IFS(ISNUMBER(SEARCH("CP02",S8649)),"ราชพฤกษ",ISNUMBER(SEARCH("CP03",S8649)),"บางใหญ่",ISNUMBER(SEARCH("CP04",S8649)),"บางบอน",OR(ISNUMBER(SEARCH("CP",S8649)),ISNUMBER(SEARCH("BTC",D8649))),"340",TRUE,"")} -> 340
A8650: 18/05/2026 | B8650: พฤษภาคม | C8650: 2026 | D8650: BTC-0000418 | E8650: 001-C3-6 | F8650: *น้ำมัน Castrol CRB TURBO 15W40 CH4 (6 ลิตร ฟรี 1 ลิตร) | G8650: อะไหล่ยางใหญ่ | H8650: ไม่กำหนด | I8650: IV2256905/0084 | J8650: บริษัท รุ่งทวีทรัพย์เจริญขนส่ง จำกัด | K8650: ท๊อป340 | L8650: 1 | M8650: 1685 | N8650: 0 | P8650: 1574.77 | Q8650: 110.23 | R8650: 1685 | S8650: CPA | T8650: {=_xlfn.IFS(ISNUMBER(SEARCH("CP02",S8650)),"ราชพฤกษ",ISNUMBER(SEARCH("CP03",S8650)),"บางใหญ่",ISNUMBER(SEARCH("CP04",S8650)),"บางบอน",OR(ISNUMBER(SEARCH("CP",S8650)),ISNUMBER(SEARCH("BTC",D8650))),"340",TRUE,"")} -> 340
A8651: 18/05/2026 | B8651: พฤษภาคม | C8651: 2026 | D8651: BTC-0000418 | E8651: 004-I5-29 | F8651: *กรองเครื่อง COOL GEAR 260340-25804W I/S ALL-NEW D-MAX 1.9 | G8651: อะไหล่ยางเล็ก | H8651: ไม่กำหนด | I8651: IV2256905/0084 | J8651: บริษัท รุ่งทวีทรัพย์เจริญขนส่ง จำกัด | K8651: ท๊อป340 | L8651: 1 | M8651: 260 | N8651: 0 | P8651: 242.99 | Q8651: 17.01 | R8651: 260 | S8651: CPA | T8651: {=_xlfn.IFS(ISNUMBER(SEARCH("CP02",S8651)),"ราชพฤกษ",ISNUMBER(SEARCH("CP03",S8651)),"บางใหญ่",ISNUMBER(SEARCH("CP04",S8651)),"บางบอน",OR(ISNUMBER(SEARCH("CP",S8651)),ISNUMBER(SEARCH("BTC",D8651))),"340",TRUE,"")} -> 340
A8652: 18/05/2026 | B8652: พฤษภาคม | C8652: 2026 | D8652: BTC-0000418 | E8652: 155-1-14 | F8652: แหวนทองแดง 14 mm # 20 หนา 1.5 | G8652: อะไหล่ยางเล็ก | H8652: ไม่กำหนด | I8652: IV2256905/0084 | J8652: บริษัท รุ่งทวีทรัพย์เจริญขนส่ง จำกัด | K8652: ท๊อป340 | L8652: 1 | M8652: 20 | N8652: 0 | P8652: 18.69 | Q8652: 1.31 | R8652: 20 | S8652: CPA | T8652: {=_xlfn.IFS(ISNUMBER(SEARCH("CP02",S8652)),"ราชพฤกษ",ISNUMBER(SEARCH("CP03",S8652)),"บางใหญ่",ISNUMBER(SEARCH("CP04",S8652)),"บางบอน",OR(ISNUMBER(SEARCH("CP",S8652)),ISNUMBER(SEARCH("BTC",D8652))),"340",TRUE,"")} -> 340
A8653: 18/05/2026 | B8653: พฤษภาคม | C8653: 2026 | D8653: BTC-0000418 | E8653: 032-I5-5 | F8653: *กรองฝุ่นแอร์ HRI 2503 I/S D-MAX BLUE POWER 1.9 | G8653: อะไหล่ยางเล็ก | H8653: ไม่กำหนด | I8653: IV2256905/0084 | J8653: บริษัท รุ่งทวีทรัพย์เจริญขนส่ง จำกัด | K8653: ท๊อป340 | L8653: 1 | M8653: 300 | N8653: 0 | P8653: 280.37 | Q8653: 19.63 | R8653: 300 | S8653: CPA | T8653: {=_xlfn.IFS(ISNUMBER(SEARCH("CP02",S8653)),"ราชพฤกษ",ISNUMBER(SEARCH("CP03",S8653)),"บางใหญ่",ISNUMBER(SEARCH("CP04",S8653)),"บางบอน",OR(ISNUMBER(SEARCH("CP",S8653)),ISNUMBER(SEARCH("BTC",D8653))),"340",TRUE,"")} -> 340
A8654: 18/05/2026 | B8654: พฤษภาคม | C8654: 2026 | D8654: BTC-0000418 | E8654: 076-I5-30 | F8654: *ดิสเบรคหน้าคอมแพค DRX-773 I/S D-MAX BLUEPOWER SPRIES 2019 f | G8654: อะไหล่นอก ยางเล็ก | H8654: ไม่กำหนด | I8654: IV2256905/0084 | J8654: บริษัท รุ่งทวีทรัพย์เจริญขนส่ง จำกัด | K8654: ท๊อป340 | L8654: 1 | M8654: 1950 | N8654: 97.5 | P8654: 1731.31 | Q8654: 121.19 | R8654: 1852.5 | S8654: CPA | T8654: {=_xlfn.IFS(ISNUMBER(SEARCH("CP02",S8654)),"ราชพฤกษ",ISNUMBER(SEARCH("CP03",S8654)),"บางใหญ่",ISNUMBER(SEARCH("CP04",S8654)),"บางบอน",OR(ISNUMBER(SEARCH("CP",S8654)),ISNUMBER(SEARCH("BTC",D8654))),"340",TRUE,"")} -> 340
A8655: 18/05/2026 | B8655: พฤษภาคม | C8655: 2026 | D8655: BTC-0000418 | E8655: 130-TFBF-5 | F8655: น้ำมันเบรก ซุปเปอร์ DOT 4 FORTRON | G8655: อะไหล่ยางเล็ก | H8655: ไม่กำหนด | I8655: IV2256905/0084 | J8655: บริษัท รุ่งทวีทรัพย์เจริญขนส่ง จำกัด | K8655: ท๊อป340 | L8655: 2 | M8655: 295 | N8655: 0 | P8655: 551.4 | Q8655: 38.6 | R8655: 590 | S8655: CPA | T8655: {=_xlfn.IFS(ISNUMBER(SEARCH("CP02",S8655)),"ราชพฤกษ",ISNUMBER(SEARCH("CP03",S8655)),"บางใหญ่",ISNUMBER(SEARCH("CP04",S8655)),"บางบอน",OR(ISNUMBER(SEARCH("CP",S8655)),ISNUMBER(SEARCH("BTC",D8655))),"340",TRUE,"")} -> 340
A8656: 18/05/2026 | B8656: พฤษภาคม | C8656: 2026 | D8656: BTC-0000418 | E8656: 130-CFBC-6 | F8656: ผลิตภัณฑ์ทำความสะอาดเบรกและชิ้นส่วนเบรก FORTRON | G8656: อะไหล่ยางเล็ก | H8656: ไม่กำหนด | I8656: IV2256905/0084 | J8656: บริษัท รุ่งทวีทรัพย์เจริญขนส่ง จำกัด | K8656: ท๊อป340 | L8656: 1 | M8656: 385 | N8656: 0 | P8656: 359.81 | Q8656: 25.19 | R8656: 385 | S8656: CPA | T8656: {=_xlfn.IFS(ISNUMBER(SEARCH("CP02",S8656)),"ราชพฤกษ",ISNUMBER(SEARCH("CP03",S8656)),"บางใหญ่",ISNUMBER(SEARCH("CP04",S8656)),"บางบอน",OR(ISNUMBER(SEARCH("CP",S8656)),ISNUMBER(SEARCH("BTC",D8656))),"340",TRUE,"")} -> 340
A8657: 18/05/2026 | B8657: พฤษภาคม | C8657: 2026 | D8657: BTC-0000418 | E8657: SY03-000086 | F8657: ค่าบริการเจียรจานเบรคแบบประชิด | G8657: ค่าบริการ | H8657: ไม่กำหนด | I8657: IV2256905/0085 | J8657: บริษัท รุ่งทวีทรัพย์เจริญขนส่ง จำกัด | K8657: ท๊อป340 | L8657: 2 | M8657: 400 | N8657: 0 | P8657: 747.66 | Q8657: 52.34 | R8657: 800 | S8657: CPN | T8657: {=_xlfn.IFS(ISNUMBER(SEARCH("CP02",S8657)),"ราชพฤกษ",ISNUMBER(SEARCH("CP03",S8657)),"บางใหญ่",ISNUMBER(SEARCH("CP04",S8657)),"บางบอน",OR(ISNUMBER(SEARCH("CP",S8657)),ISNUMBER(SEARCH("BTC",D8657))),"340",TRUE,"")} -> 340
A8658: 18/05/2026 | B8658: พฤษภาคม | C8658: 2026 | D8658: CP-08776 | E8658: 001-C1-10 | F8658: *น้ำมันCastrol Magnatec ปิคอัพ 6 ลิตร 10W30 | G8658: อะไหล่ยางเล็ก | H8658: ไม่กำหนด | I8658: S.1256905/0004 | J8658: บริษัท แคสป้า ฟาร์มาซูติคอล (ประเทศไทย) จำกัด | K8658: RPผจก/พต | L8658: 1 | M8658: 1850 | N8658: 92.5 | P8658: 1642.52 | Q8658: 114.98 | R8658: 1757.5 | S8658: CP02A | T8658: {=_xlfn.IFS(ISNUMBER(SEARCH("CP02",S8658)),"ราชพฤกษ",ISNUMBER(SEARCH("CP03",S8658)),"บางใหญ่",ISNUMBER(SEARCH("CP04",S8658)),"บางบอน",OR(ISNUMBER(SEARCH("CP",S8658)),ISNUMBER(SEARCH("BTC",D8658))),"340",TRUE,"")} -> ราชพฤกษ
A8659: 18/05/2026 | B8659: พฤษภาคม | C8659: 2026 | D8659: CP-08776 | E8659: 001-C1-8 | F8659: *น้ำมันCastrol Magnatec ปิคอัพ 1 ลิตร 10W30 | G8659: อะไหล่ยางเล็ก | H8659: ไม่กำหนด | I8659: S.1256905/0004 | J8659: บริษัท แคสป้า ฟาร์มาซูติคอล (ประเทศไทย) จำกัด | K8659: RPผจก/พต | L8659: 1 | M8659: 420 | N8659: 21 | P8659: 372.9 | Q8659: 26.1 | R8659: 399 | S8659: CP02A | T8659: {=_xlfn.IFS(ISNUMBER(SEARCH("CP02",S8659)),"ราชพฤกษ",ISNUMBER(SEARCH("CP03",S8659)),"บางใหญ่",ISNUMBER(SEARCH("CP04",S8659)),"บางบอน",OR(ISNUMBER(SEARCH("CP",S8659)),ISNUMBER(SEARCH("BTC",D8659))),"340",TRUE,"")} -> ราชพฤกษ
A8660: 18/05/2026 | B8660: พฤษภาคม | C8660: 2026 | D8660: CP-08776 | E8660: 155-1-12 | F8660: แหวนทองแดง 12 mm # 20 หนา 1.5 | G8660: อะไหล่ยางเล็ก | H8660: ไม่กำหนด | I8660: S.1256905/0004 | J8660: บริษัท แคสป้า ฟาร์มาซูติคอล (ประเทศไทย) จำกัด | K8660: RPผจก/พต | L8660: 1 | M8660: 20 | N8660: 0 | P8660: 18.69 | Q8660: 1.31 | R8660: 20 | S8660: CP02A | T8660: {=_xlfn.IFS(ISNUMBER(SEARCH("CP02",S8660)),"ราชพฤกษ",ISNUMBER(SEARCH("CP03",S8660)),"บางใหญ่",ISNUMBER(SEARCH("CP04",S8660)),"บางบอน",OR(ISNUMBER(SEARCH("CP",S8660)),ISNUMBER(SEARCH("BTC",D8660))),"340",TRUE,"")} -> ราชพฤกษ
... A9775: 07/06/2026 | B9775: มิถุนายน | C9775: 2026 | D9775: CP-18933 | E9775: 004-H11-4 | F9775: *กรองเครื่อง VALUE 15400-PR3-505 H/D CIVIC^CITY ลูกเล็ก | G9775: อะไหล่ยางเล็ก | H9775: ไม่กำหนด | I9775: CS.8256906/023 | J9775: คุณ ธัญยธรณ์ เสริมทรัพย์ | K9775: BYเล็ก | L9775: 1 | M9775: 220 | N9775: 0 | P9775: 205.61 | Q9775: 14.39 | R9775: 220 | S9775: CP03A | T9775: {=_xlfn.IFS(ISNUMBER(SEARCH("CP02",S9775)),"ราชพฤกษ",ISNUMBER(SEARCH("CP03",S9775)),"บางใหญ่",ISNUMBER(SEARCH("CP04",S9775)),"บางบอน",OR(ISNUMBER(SEARCH("CP",S9775)),ISNUMBER(SEARCH("BTC",D9775))),"340",TRUE,"")} -> บางใหญ่

Sheet UPDATE STOCK
A1: รหัสสินค้า | B1: สินค้า | C1: WH_CODE | D1: WL_CODE | E1: หน่วยนับ | F1: จำนวน | G1: สาขา
A2: 4 | B2: ลูกบล็อคยาง No.16 | C2: HO | D2: TATA-SV | E2: ตัว | F2: 1 | G2: {=_xlfn.IFS(ISNUMBER(SEARCH("CP02",D2)),"ราชพฤกษ",ISNUMBER(SEARCH("CP03",D2)),"บางใหญ่",ISNUMBER(SEARCH("CP04",D2)),"บางบอน",OR(ISNUMBER(SEARCH("CP",D2)),ISNUMBER(SEARCH("BTC",#REF!))),"340",TRUE,"")}
A3: 10 | B3: หัวเป่าลม | C3: HO | D3: TATA-SV | E3: อัน | F3: 1 | G3: {=_xlfn.IFS(ISNUMBER(SEARCH("CP02",D3)),"ราชพฤกษ",ISNUMBER(SEARCH("CP03",D3)),"บางใหญ่",ISNUMBER(SEARCH("CP04",D3)),"บางบอน",OR(ISNUMBER(SEARCH("CP",D3)),ISNUMBER(SEARCH("BTC",#REF!))),"340",TRUE,"")}
A4: 001-A1 | B4: น้ำมันเกียร์คลาสตรอน TRANSMAX CVT 1L | C4: T009 | D4: CP02A | E4: ลิตร | F4: 3 | G4: {=_xlfn.IFS(ISNUMBER(SEARCH("CP02",D4)),"ราชพฤกษ",ISNUMBER(SEARCH("CP03",D4)),"บางใหญ่",ISNUMBER(SEARCH("CP04",D4)),"บางบอน",OR(ISNUMBER(SEARCH("CP",D4)),ISNUMBER(SEARCH("BTC",#REF!))),"340",TRUE,"")} -> ราชพฤกษ
A5: 001-A1 | B5: น้ำมันเกียร์คลาสตรอน TRANSMAX CVT 1L | C5: T010 | D5: CP03A | E5: ลิตร | F5: 9 | G5: {=_xlfn.IFS(ISNUMBER(SEARCH("CP02",D5)),"ราชพฤกษ",ISNUMBER(SEARCH("CP03",D5)),"บางใหญ่",ISNUMBER(SEARCH("CP04",D5)),"บางบอน",OR(ISNUMBER(SEARCH("CP",D5)),ISNUMBER(SEARCH("BTC",#REF!))),"340",TRUE,"")} -> บางใหญ่
A6: 001-A1 | B6: น้ำมันเกียร์คลาสตรอน TRANSMAX CVT 1L | C6: T011 | D6: CP04A | E6: ลิตร | F6: 12 | G6: {=_xlfn.IFS(ISNUMBER(SEARCH("CP02",D6)),"ราชพฤกษ",ISNUMBER(SEARCH("CP03",D6)),"บางใหญ่",ISNUMBER(SEARCH("CP04",D6)),"บางบอน",OR(ISNUMBER(SEARCH("CP",D6)),ISNUMBER(SEARCH("BTC",#REF!))),"340",TRUE,"")} -> บางบอน
A7: 001-A10 | B7: *น้ำมันTRANSMAX AXLE GL5 80W-90 เบอร์90 ถังละ18 ลิตร ขายลิตร | C7: T007 | D7: CPA | E7: ลิตร | F7: 18 | G7: {=_xlfn.IFS(ISNUMBER(SEARCH("CP02",D7)),"ราชพฤกษ",ISNUMBER(SEARCH("CP03",D7)),"บางใหญ่",ISNUMBER(SEARCH("CP04",D7)),"บางบอน",OR(ISNUMBER(SEARCH("CP",D7)),ISNUMBER(SEARCH("BTC",#REF!))),"340",TRUE,"")} -> 340
A8: 001-A10 | B8: *น้ำมันTRANSMAX AXLE GL5 80W-90 เบอร์90 ถังละ18 ลิตร ขายลิตร | C8: T009 | D8: CP02A | E8: ลิตร | F8: 18 | G8: {=_xlfn.IFS(ISNUMBER(SEARCH("CP02",D8)),"ราชพฤกษ",ISNUMBER(SEARCH("CP03",D8)),"บางใหญ่",ISNUMBER(SEARCH("CP04",D8)),"บางบอน",OR(ISNUMBER(SEARCH("CP",D8)),ISNUMBER(SEARCH("BTC",#REF!))),"340",TRUE,"")} -> ราชพฤกษ
A9: 001-A10 | B9: *น้ำมันTRANSMAX AXLE GL5 80W-90 เบอร์90 ถังละ18 ลิตร ขายลิตร | C9: T011 | D9: CP04A | E9: ลิตร | F9: 4 | G9: {=_xlfn.IFS(ISNUMBER(SEARCH("CP02",D9)),"ราชพฤกษ",ISNUMBER(SEARCH("CP03",D9)),"บางใหญ่",ISNUMBER(SEARCH("CP04",D9)),"บางบอน",OR(ISNUMBER(SEARCH("CP",D9)),ISNUMBER(SEARCH("BTC",#REF!))),"340",TRUE,"")} -> บางบอน
A10: 001-A12 | B10: น้ำมันเกียร์คลาสตรอน TRANSMAX ATF DEX/MERC 1L | C10: T007 | D10: CPA | E10: ลิตร | F10: 14 | G10: {=_xlfn.IFS(ISNUMBER(SEARCH("CP02",D10)),"ราชพฤกษ",ISNUMBER(SEARCH("CP03",D10)),"บางใหญ่",ISNUMBER(SEARCH("CP04",D10)),"บางบอน",OR(ISNUMBER(SEARCH("CP",D10)),ISNUMBER(SEARCH("BTC",#REF!))),"340",TRUE,"")} -> 340
A11: 001-A12 | B11: น้ำมันเกียร์คลาสตรอน TRANSMAX ATF DEX/MERC 1L | C11: T009 | D11: CP02A | E11: ลิตร | F11: 12 | G11: {=_xlfn.IFS(ISNUMBER(SEARCH("CP02",D11)),"ราชพฤกษ",ISNUMBER(SEARCH("CP03",D11)),"บางใหญ่",ISNUMBER(SEARCH("CP04",D11)),"บางบอน",OR(ISNUMBER(SEARCH("CP",D11)),ISNUMBER(SEARCH("BTC",#REF!))),"340",TRUE,"")} -> ราชพฤกษ
A12: 001-A12 | B12: น้ำมันเกียร์คลาสตรอน TRANSMAX ATF DEX/MERC 1L | C12: T010 | D12: CP03A | E12: ลิตร | F12: 9 | G12: {=_xlfn.IFS(ISNUMBER(SEARCH("CP02",D12)),"ราชพฤกษ",ISNUMBER(SEARCH("CP03",D12)),"บางใหญ่",ISNUMBER(SEARCH("CP04",D12)),"บางบอน",OR(ISNUMBER(SEARCH("CP",D12)),ISNUMBER(SEARCH("BTC",#REF!))),"340",TRUE,"")} -> บางใหญ่
A13: 001-A12 | B13: น้ำมันเกียร์คลาสตรอน TRANSMAX ATF DEX/MERC 1L | C13: T011 | D13: CP04A | E13: ลิตร | F13: 3 | G13: {=_xlfn.IFS(ISNUMBER(SEARCH("CP02",D13)),"ราชพฤกษ",ISNUMBER(SEARCH("CP03",D13)),"บางใหญ่",ISNUMBER(SEARCH("CP04",D13)),"บางบอน",OR(ISNUMBER(SEARCH("CP",D13)),ISNUMBER(SEARCH("BTC",#REF!))),"340",TRUE,"")} -> บางบอน
A14: 001-A13 | B14: น้ำมันเกียร์อัตโนมัติ ALPHA ATF SEMI-SYNTHETI 4 ลิตร | C14: T009 | D14: CP02A | E14: แกลลอน | F14: 2 | G14: {=_xlfn.IFS(ISNUMBER(SEARCH("CP02",D14)),"ราชพฤกษ",ISNUMBER(SEARCH("CP03",D14)),"บางใหญ่",ISNUMBER(SEARCH("CP04",D14)),"บางบอน",OR(ISNUMBER(SEARCH("CP",D14)),ISNUMBER(SEARCH("BTC",#REF!))),"340",TRUE,"")} -> ราชพฤกษ
A15: 001-A14 | B15: น้ำมันเกียร์อัตโนมัติ ALPHA CVT-A SYNTHETI | C15: T009 | D15: CP02A | E15: แกลลอน | F15: 5 | G15: {=_xlfn.IFS(ISNUMBER(SEARCH("CP02",D15)),"ราชพฤกษ",ISNUMBER(SEARCH("CP03",D15)),"บางใหญ่",ISNUMBER(SEARCH("CP04",D15)),"บางบอน",OR(ISNUMBER(SEARCH("CP",D15)),ISNUMBER(SEARCH("BTC",#REF!))),"340",TRUE,"")} -> ราชพฤกษ
... A2364: 140-94 | B2364: *คาร์ลิปเบอร์หน้า Brembo สีแดงXL (ขนาดจัมโบ้) ขอบ22 | C2364: T011 | D2364: CP04A | E2364: ชุด | F2364: 2 | G2364: {=_xlfn.IFS(ISNUMBER(SEARCH("CP02",D2364)),"ราชพฤกษ",ISNUMBER(SEARCH("CP03",D2364)),"บางใหญ่",ISNUMBER(SEARCH("CP04",D2364)),"บางบอน",OR(ISNUMBER(SEARCH("CP",D2364)),ISNUMBER(SEARCH("BTC",#REF!))),"340",TRUE,"")} -> บางบอน
A2365: 1456515 | B2365: ยาง% 145/65R15 | C2365: SAC | D2365: SAC-OUT | E2365: เส้น | F2365: 4 | G2365: {=_xlfn.IFS(ISNUMBER(SEARCH("CP02",D2365)),"ราชพฤกษ",ISNUMBER(SEARCH("CP03",D2365)),"บางใหญ่",ISNUMBER(SEARCH("CP04",D2365)),"บางบอน",OR(ISNUMBER(SEARCH("CP",D2365)),ISNUMBER(SEARCH("BTC",#REF!))),"340",TRUE,"")}
A2366: 152-1-10 | B2366: *ลูกลอกสายพานไทมิ่ง 62TB0629B28 T/Y VIGO^D4D 1KZ | C2366: T007 | D2366: CPA | E2366: ตับ | F2366: 2 | G2366: {=_xlfn.IFS(ISNUMBER(SEARCH("CP02",D2366)),"ราชพฤกษ",ISNUMBER(SEARCH("CP03",D2366)),"บางใหญ่",ISNUMBER(SEARCH("CP04",D2366)),"บางบอน",OR(ISNUMBER(SEARCH("CP",D2366)),ISNUMBER(SEARCH("BTC",#REF!))),"340",TRUE,"")} -> 340
A2367: 152-1-11 | B2367: *ลูกรอก 67TB0805B01 (2) รอก 4JB1 ใหญ่ TFR 4WD | C2367: T009 | D2367: CP02A | E2367: ตับ | F2367: 1 | G2367: {=_xlfn.IFS(ISNUMBER(SEARCH("CP02",D2367)),"ราชพฤกษ",ISNUMBER(SEARCH("CP03",D2367)),"บางใหญ่",ISNUMBER(SEARCH("CP04",D2367)),"บางบอน",OR(ISNUMBER(SEARCH("CP",D2367)),ISNUMBER(SEARCH("BTC",#REF!))),"340",TRUE,"")} -> ราชพฤกษ
A2368: 152-1-12 | B2368: *ลูกรอก 67TB0806 ลูกรอก 4JB1 เล็ก TFR 4WD | C2368: T009 | D2368: CP02A | E2368: ตับ | F2368: 1 | G2368: {=_xlfn.IFS(ISNUMBER(SEARCH("CP02",D2368)),"ราชพฤกษ",ISNUMBER(SEARCH("CP03",D2368)),"บางใหญ่",ISNUMBER(SEARCH("CP04",D2368)),"บางบอน",OR(ISNUMBER(SEARCH("CP",D2368)),ISNUMBER(SEARCH("BTC",#REF!))),"340",TRUE,"")} -> ราชพฤกษ
A2369: 152-I5-1 | B2369: *ลูกลอกตั้งสายพาน(เฉพาะลูกลอก) I/S D-MAX 9-98378908 | C2369: T007 | D2369: CPA | E2369: ตับ | F2369: 3 | G2369: {=_xlfn.IFS(ISNUMBER(SEARCH("CP02",D2369)),"ราชพฤกษ",ISNUMBER(SEARCH("CP03",D2369)),"บางใหญ่",ISNUMBER(SEARCH("CP04",D2369)),"บางบอน",OR(ISNUMBER(SEARCH("CP",D2369)),ISNUMBER(SEARCH("BTC",#REF!))),"340",TRUE,"")} -> 340
A2370: 152-I5-1 | B2370: *ลูกลอกตั้งสายพาน(เฉพาะลูกลอก) I/S D-MAX 9-98378908 | C2370: T010 | D2370: CP03A | E2370: ตับ | F2370: 1 | G2370: {=_xlfn.IFS(ISNUMBER(SEARCH("CP02",D2370)),"ราชพฤกษ",ISNUMBER(SEARCH("CP03",D2370)),"บางใหญ่",ISNUMBER(SEARCH("CP04",D2370)),"บางบอน",OR(ISNUMBER(SEARCH("CP",D2370)),ISNUMBER(SEARCH("BTC",#REF!))),"340",TRUE,"")} -> บางใหญ่
A2371: 152-I5-2 | B2371: *ลูกลอกตั้งสายพาน ชุด I/S D-MAX 1.9 18 534083310 IN | C2371: T007 | D2371: CPA | E2371: ตับ | F2371: 2 | G2371: {=_xlfn.IFS(ISNUMBER(SEARCH("CP02",D2371)),"ราชพฤกษ",ISNUMBER(SEARCH("CP03",D2371)),"บางใหญ่",ISNUMBER(SEARCH("CP04",D2371)),"บางบอน",OR(ISNUMBER(SEARCH("CP",D2371)),ISNUMBER(SEARCH("BTC",#REF!))),"340",TRUE,"")} -> 340
A2372: 152-I5-2 | B2372: *ลูกลอกตั้งสายพาน ชุด I/S D-MAX 1.9 18 534083310 IN | C2372: T010 | D2372: CP03A | E2372: ตับ | F2372: 1 | G2372: {=_xlfn.IFS(ISNUMBER(SEARCH("CP02",D2372)),"ราชพฤกษ",ISNUMBER(SEARCH("CP03",D2372)),"บางใหญ่",ISNUMBER(SEARCH("CP04",D2372)),"บางบอน",OR(ISNUMBER(SEARCH("CP",D2372)),ISNUMBER(SEARCH("BTC",#REF!))),"340",TRUE,"")} -> บางใหญ่
A2373: 155-1-12 | B2373: แหวนทองแดง 12 mm # 20 หนา 1.5 | C2373: SAC | D2373: Y1 | E2373: เส้น | F2373: 50 | G2373: {=_xlfn.IFS(ISNUMBER(SEARCH("CP02",D2373)),"ราชพฤกษ",ISNUMBER(SEARCH("CP03",D2373)),"บางใหญ่",ISNUMBER(SEARCH("CP04",D2373)),"บางบอน",OR(ISNUMBER(SEARCH("CP",D2373)),ISNUMBER(SEARCH("BTC",#REF!))),"340",TRUE,"")}
A2374: 155-1-12 | B2374: แหวนทองแดง 12 mm # 20 หนา 1.5 | C2374: T007 | D2374: CPA | E2374: เส้น | F2374: 65 | G2374: {=_xlfn.IFS(ISNUMBER(SEARCH("CP02",D2374)),"ราชพฤกษ",ISNUMBER(SEARCH("CP03",D2374)),"บางใหญ่",ISNUMBER(SEARCH("CP04",D2374)),"บางบอน",OR(ISNUMBER(SEARCH("CP",D2374)),ISNUMBER(SEARCH("BTC",#REF!))),"340",TRUE,"")} -> 340
A2375: 155-1-12 | B2375: แหวนทองแดง 12 mm # 20 หนา 1.5 | C2375: T009 | D2375: CP02A | E2375: เส้น | F2375: 47 | G2375: {=_xlfn.IFS(ISNUMBER(SEARCH("CP02",D2375)),"ราชพฤกษ",ISNUMBER(SEARCH("CP03",D2375)),"บางใหญ่",ISNUMBER(SEARCH("CP04",D2375)),"บางบอน",OR(ISNUMBER(SEARCH("CP",D2375)),ISNUMBER(SEARCH("BTC",#REF!))),"340",TRUE,"")} -> ราชพฤกษ
A2376: 155-1-12 | B2376: แหวนทองแดง 12 mm # 20 หนา 1.5 | C2376: T010 | D2376: CP03A | E2376: เส้น | F2376: 192 | G2376: {=_xlfn.IFS(ISNUMBER(SEARCH("CP02",D2376)),"ราชพฤกษ",ISNUMBER(SEARCH("CP03",D2376)),"บางใหญ่",ISNUMBER(SEARCH("CP04",D2376)),"บางบอน",OR(ISNUMBER(SEARCH("CP",D2376)),ISNUMBER(SEARCH("BTC",#REF!))),"340",TRUE,"")} -> บางใหญ่
A2377: 155-1-14 | B2377: แหวนทองแดง 14 mm # 20 หนา 1.5 | C2377: T007 | D2377: CPA | E2377: เส้น | F2377: 61 | G2377: {=_xlfn.IFS(ISNUMBER(SEARCH("CP02",D2377)),"ราชพฤกษ",ISNUMBER(SEARCH("CP03",D2377)),"บางใหญ่",ISNUMBER(SEARCH("CP04",D2377)),"บางบอน",OR(ISNUMBER(SEARCH("CP",D2377)),ISNUMBER(SEARCH("BTC",#REF!))),"340",TRUE,"")} -> 340
... A2384: 155-4 | B2384: แหวนประเก็นรองน็อต 14M #17 | C2384: T011 | D2384: CP04A | E2384: ตัว | F2384: 137 | G2384: {=_xlfn.IFS(ISNUMBER(SEARCH("CP02",D2384)),"ราชพฤกษ",ISNUMBER(SEARCH("CP03",D2384)),"บางใหญ่",ISNUMBER(SEARCH("CP04",D2384)),"บางบอน",OR(ISNUMBER(SEARCH("CP",D2384)),ISNUMBER(SEARCH("BTC",#REF!))),"340",TRUE,"")} -> บางบอน
A2385: 1756515 | B2385: ยาง% 175/65R15 | C2385: SAC | D2385: SACT | E2385: เส้น | F2385: 4 | G2385: {=_xlfn.IFS(ISNUMBER(SEARCH("CP02",D2385)),"ราชพฤกษ",ISNUMBER(SEARCH("CP03",D2385)),"บางใหญ่",ISNUMBER(SEARCH("CP04",D2385)),"บางบอน",OR(ISNUMBER(SEARCH("CP",D2385)),ISNUMBER(SEARCH("BTC",#REF!))),"340",TRUE,"")}
A2386: 1757013 | B2386: ยาง% 175/70R13 | C2386: SAC | D2386: SAC-OUT | E2386: เส้น | F2386: 4 | G2386: {=_xlfn.IFS(ISNUMBER(SEARCH("CP02",D2386)),"ราชพฤกษ",ISNUMBER(SEARCH("CP03",D2386)),"บางใหญ่",ISNUMBER(SEARCH("CP04",D2386)),"บางบอน",OR(ISNUMBER(SEARCH("CP",D2386)),ISNUMBER(SEARCH("BTC",#REF!))),"340",TRUE,"")}
A2387: 18514 | B2387: ยาง% 185R14 | C2387: SAC | D2387: SAC-OUT | E2387: เส้น | F2387: 4 | G2387: {=_xlfn.IFS(ISNUMBER(SEARCH("CP02",D2387)),"ราชพฤกษ",ISNUMBER(SEARCH("CP03",D2387)),"บางใหญ่",ISNUMBER(SEARCH("CP04",D2387)),"บางบอน",OR(ISNUMBER(SEARCH("CP",D2387)),ISNUMBER(SEARCH("BTC",#REF!))),"340",TRUE,"")}
A2388: 1855515 | B2388: ยาง% 185/55R15 | C2388: SAC | D2388: SACT | E2388: เส้น | F2388: 4 | G2388: {=_xlfn.IFS(ISNUMBER(SEARCH("CP02",D2388)),"ราชพฤกษ",ISNUMBER(SEARCH("CP03",D2388)),"บางใหญ่",ISNUMBER(SEARCH("CP04",D2388)),"บางบอน",OR(ISNUMBER(SEARCH("CP",D2388)),ISNUMBER(SEARCH("BTC",#REF!))),"340",TRUE,"")}
A2389: 1855516 | B2389: ยาง% 185/55R16 | C2389: SAC | D2389: KYC | E2389: เส้น | F2389: 1 | G2389: {=_xlfn.IFS(ISNUMBER(SEARCH("CP02",D2389)),"ราชพฤกษ",ISNUMBER(SEARCH("CP03",D2389)),"บางใหญ่",ISNUMBER(SEARCH("CP04",D2389)),"บางบอน",OR(ISNUMBER(SEARCH("CP",D2389)),ISNUMBER(SEARCH("BTC",#REF!))),"340",TRUE,"")}
A2390: 1856015 | B2390: ยาง% 185/60R15 | C2390: SAC | D2390: SACT | E2390: เส้น | F2390: 42 | G2390: {=_xlfn.IFS(ISNUMBER(SEARCH("CP02",D2390)),"ราชพฤกษ",ISNUMBER(SEARCH("CP03",D2390)),"บางใหญ่",ISNUMBER(SEARCH("CP04",D2390)),"บางบอน",OR(ISNUMBER(SEARCH("CP",D2390)),ISNUMBER(SEARCH("BTC",#REF!))),"340",TRUE,"")}
A2391: 1856015 | B2391: ยาง% 185/60R15 | C2391: T007 | D2391: CPK3 | E2391: เส้น | F2391: 4 | G2391: {=_xlfn.IFS(ISNUMBER(SEARCH("CP02",D2391)),"ราชพฤกษ",ISNUMBER(SEARCH("CP03",D2391)),"บางใหญ่",ISNUMBER(SEARCH("CP04",D2391)),"บางบอน",OR(ISNUMBER(SEARCH("CP",D2391)),ISNUMBER(SEARCH("BTC",#REF!))),"340",TRUE,"")} -> 340
A2392: 1856015 | B2392: ยาง% 185/60R15 | C2392: T010 | D2392: CP03K3 | E2392: เส้น | F2392: 4 | G2392: {=_xlfn.IFS(ISNUMBER(SEARCH("CP02",D2392)),"ราชพฤกษ",ISNUMBER(SEARCH("CP03",D2392)),"บางใหญ่",ISNUMBER(SEARCH("CP04",D2392)),"บางบอน",OR(ISNUMBER(SEARCH("CP",D2392)),ISNUMBER(SEARCH("BTC",#REF!))),"340",TRUE,"")} -> บางใหญ่
A2393: 1856015 | B2393: ยาง% 185/60R15 | C2393: T011 | D2393: CP04K3 | E2393: เส้น | F2393: 2 | G2393: {=_xlfn.IFS(ISNUMBER(SEARCH("CP02",D2393)),"ราชพฤกษ",ISNUMBER(SEARCH("CP03",D2393)),"บางใหญ่",ISNUMBER(SEARCH("CP04",D2393)),"บางบอน",OR(ISNUMBER(SEARCH("CP",D2393)),ISNUMBER(SEARCH("BTC",#REF!))),"340",TRUE,"")} -> บางบอน
A2394: 1856514 | B2394: ยาง% 185/65R14 | C2394: SAC | D2394: SACT | E2394: เส้น | F2394: 4 | G2394: {=_xlfn.IFS(ISNUMBER(SEARCH("CP02",D2394)),"ราชพฤกษ",ISNUMBER(SEARCH("CP03",D2394)),"บางใหญ่",ISNUMBER(SEARCH("CP04",D2394)),"บางบอน",OR(ISNUMBER(SEARCH("CP",D2394)),ISNUMBER(SEARCH("BTC",#REF!))),"340",TRUE,"")}
A2395: 1856515 | B2395: ยาง% 185/65R15 | C2395: SAC | D2395: SACT | E2395: เส้น | F2395: 20 | G2395: {=_xlfn.IFS(ISNUMBER(SEARCH("CP02",D2395)),"ราชพฤกษ",ISNUMBER(SEARCH("CP03",D2395)),"บางใหญ่",ISNUMBER(SEARCH("CP04",D2395)),"บางบอน",OR(ISNUMBER(SEARCH("CP",D2395)),ISNUMBER(SEARCH("BTC",#REF!))),"340",TRUE,"")}
A2396: 1856515 | B2396: ยาง% 185/65R15 | C2396: T011 | D2396: CP04K3 | E2396: เส้น | F2396: 4 | G2396: {=_xlfn.IFS(ISNUMBER(SEARCH("CP02",D2396)),"ราชพฤกษ",ISNUMBER(SEARCH("CP03",D2396)),"บางใหญ่",ISNUMBER(SEARCH("CP04",D2396)),"บางบอน",OR(ISNUMBER(SEARCH("CP",D2396)),ISNUMBER(SEARCH("BTC",#REF!))),"340",TRUE,"")} -> บางบอน
... A2412: 1956515 | B2412: ยาง% 195/65R15 | C2412: T011 | D2412: CP04K3 | E2412: เส้น | F2412: 4 | G2412: {=_xlfn.IFS(ISNUMBER(SEARCH("CP02",D2412)),"ราชพฤกษ",ISNUMBER(SEARCH("CP03",D2412)),"บางใหญ่",ISNUMBER(SEARCH("CP04",D2412)),"บางบอน",OR(ISNUMBER(SEARCH("CP",D2412)),ISNUMBER(SEARCH("BTC",#REF!))),"340",TRUE,"")} -> บางบอน
A2413: 200-1-14 | B2413: ที่ปัดน้ำฝน มิชลินแบบเดี่ยว 14" Mi 35 | C2413: T007 | D2413: CPA | E2413: อัน | F2413: 4 | G2413: {=_xlfn.IFS(ISNUMBER(SEARCH("CP02",D2413)),"ราชพฤกษ",ISNUMBER(SEARCH("CP03",D2413)),"บางใหญ่",ISNUMBER(SEARCH("CP04",D2413)),"บางบอน",OR(ISNUMBER(SEARCH("CP",D2413)),ISNUMBER(SEARCH("BTC",#REF!))),"340",TRUE,"")} -> 340
A2414: 200-1-14 | B2414: ที่ปัดน้ำฝน มิชลินแบบเดี่ยว 14" Mi 35 | C2414: T009 | D2414: CP02A | E2414: อัน | F2414: 1 | G2414: {=_xlfn.IFS(ISNUMBER(SEARCH("CP02",D2414)),"ราชพฤกษ",ISNUMBER(SEARCH("CP03",D2414)),"บางใหญ่",ISNUMBER(SEARCH("CP04",D2414)),"บางบอน",OR(ISNUMBER(SEARCH("CP",D2414)),ISNUMBER(SEARCH("BTC",#REF!))),"340",TRUE,"")} -> ราชพฤกษ
A2415: 200-1-16 | B2415: *ที่ปัดน้ำฝน มิชลินแบบเดี่ยว 16" Mi40 | C2415: T007 | D2415: CPA | E2415: อัน | F2415: 2 | G2415: {=_xlfn.IFS(ISNUMBER(SEARCH("CP02",D2415)),"ราชพฤกษ",ISNUMBER(SEARCH("CP03",D2415)),"บางใหญ่",ISNUMBER(SEARCH("CP04",D2415)),"บางบอน",OR(ISNUMBER(SEARCH("CP",D2415)),ISNUMBER(SEARCH("BTC",#REF!))),"340",TRUE,"")} -> 340
A2416: 200-1-17 | B2416: *ที่ปัดน้ำฝน มิชลิน แบบเดี่ยว 17" Ni43 | C2416: T009 | D2416: CP02A | E2416: อัน | F2416: 1 | G2416: {=_xlfn.IFS(ISNUMBER(SEARCH("CP02",D2416)),"ราชพฤกษ",ISNUMBER(SEARCH("CP03",D2416)),"บางใหญ่",ISNUMBER(SEARCH("CP04",D2416)),"บางบอน",OR(ISNUMBER(SEARCH("CP",D2416)),ISNUMBER(SEARCH("BTC",#REF!))),"340",TRUE,"")} -> ราชพฤกษ
A2417: 200-1-18 | B2417: *ที่ปัดน้ำฝน มิชลิน แบบเดี่ยว 18" Mi 45(NM01-06-004) | C2417: T009 | D2417: CP02A | E2417: อัน | F2417: 2 | G2417: {=_xlfn.IFS(ISNUMBER(SEARCH("CP02",D2417)),"ราชพฤกษ",ISNUMBER(SEARCH("CP03",D2417)),"บางใหญ่",ISNUMBER(SEARCH("CP04",D2417)),"บางบอน",OR(ISNUMBER(SEARCH("CP",D2417)),ISNUMBER(SEARCH("BTC",#REF!))),"340",TRUE,"")} -> ราชพฤกษ
A2418: 200-1-22 | B2418: *ที่ปัดน้ำฝน มิชลิน แบบเดี่ยว 22" MI 55 (NM01-06-008) | C2418: T009 | D2418: CP02A | E2418: อัน | F2418: 2 | G2418: {=_xlfn.IFS(ISNUMBER(SEARCH("CP02",D2418)),"ราชพฤกษ",ISNUMBER(SEARCH("CP03",D2418)),"บางใหญ่",ISNUMBER(SEARCH("CP04",D2418)),"บางบอน",OR(ISNUMBER(SEARCH("CP",D2418)),ISNUMBER(SEARCH("BTC",#REF!))),"340",TRUE,"")} -> ราชพฤกษ
A2419: 200-1-24 | B2419: *ที่ปัดน้ำฝน มิชลิน แบบเดี่ยว 24" Mi60 (NM01-06-009) | C2419: T009 | D2419: CP02A | E2419: อัน | F2419: 1 | G2419: {=_xlfn.IFS(ISNUMBER(SEARCH("CP02",D2419)),"ราชพฤกษ",ISNUMBER(SEARCH("CP03",D2419)),"บางใหญ่",ISNUMBER(SEARCH("CP04",D2419)),"บางบอน",OR(ISNUMBER(SEARCH("CP",D2419)),ISNUMBER(SEARCH("BTC",#REF!))),"340",TRUE,"")} -> ราชพฤกษ
A2420: 200-1-26 | B2420: *ที่ปัดน้ำฝน มิชลิน แบบเดี่ยว 26" MI 65 (NM01-06-010) | C2420: T009 | D2420: CP02A | E2420: อัน | F2420: 1 | G2420: {=_xlfn.IFS(ISNUMBER(SEARCH("CP02",D2420)),"ราชพฤกษ",ISNUMBER(SEARCH("CP03",D2420)),"บางใหญ่",ISNUMBER(SEARCH("CP04",D2420)),"บางบอน",OR(ISNUMBER(SEARCH("CP",D2420)),ISNUMBER(SEARCH("BTC",#REF!))),"340",TRUE,"")} -> ราชพฤกษ
A2421: 200-1-26 | B2421: *ที่ปัดน้ำฝน มิชลิน แบบเดี่ยว 26" MI 65 (NM01-06-010) | C2421: T011 | D2421: CP04A | E2421: อัน | F2421: 1 | G2421: {=_xlfn.IFS(ISNUMBER(SEARCH("CP02",D2421)),"ราชพฤกษ",ISNUMBER(SEARCH("CP03",D2421)),"บางใหญ่",ISNUMBER(SEARCH("CP04",D2421)),"บางบอน",OR(ISNUMBER(SEARCH("CP",D2421)),ISNUMBER(SEARCH("BTC",#REF!))),"340",TRUE,"")} -> บางบอน
A2422: 200-2-14 | B2422: *ที่ปัดน้ำฝน BOSH 14" | C2422: T007 | D2422: CPA | E2422: อัน | F2422: 5 | G2422: {=_xlfn.IFS(ISNUMBER(SEARCH("CP02",D2422)),"ราชพฤกษ",ISNUMBER(SEARCH("CP03",D2422)),"บางใหญ่",ISNUMBER(SEARCH("CP04",D2422)),"บางบอน",OR(ISNUMBER(SEARCH("CP",D2422)),ISNUMBER(SEARCH("BTC",#REF!))),"340",TRUE,"")} -> 340
A2423: 200-2-14 | B2423: *ที่ปัดน้ำฝน BOSH 14" | C2423: T009 | D2423: CP02A | E2423: อัน | F2423: 6 | G2423: {=_xlfn.IFS(ISNUMBER(SEARCH("CP02",D2423)),"ราชพฤกษ",ISNUMBER(SEARCH("CP03",D2423)),"บางใหญ่",ISNUMBER(SEARCH("CP04",D2423)),"บางบอน",OR(ISNUMBER(SEARCH("CP",D2423)),ISNUMBER(SEARCH("BTC",#REF!))),"340",TRUE,"")} -> ราชพฤกษ
A2424: 200-2-14 | B2424: *ที่ปัดน้ำฝน BOSH 14" | C2424: T010 | D2424: CP03A | E2424: อัน | F2424: 8 | G2424: {=_xlfn.IFS(ISNUMBER(SEARCH("CP02",D2424)),"ราชพฤกษ",ISNUMBER(SEARCH("CP03",D2424)),"บางใหญ่",ISNUMBER(SEARCH("CP04",D2424)),"บางบอน",OR(ISNUMBER(SEARCH("CP",D2424)),ISNUMBER(SEARCH("BTC",#REF!))),"340",TRUE,"")} -> บางใหญ่
... A2471: 200-TA-3 | B2471: ชุดแขนกลไกปัดน้ำฝน TATA 289481100199 | C2471: SAC | D2471: A1 | E2471: ชุด | F2471: 1 | G2471: {=_xlfn.IFS(ISNUMBER(SEARCH("CP02",D2471)),"ราชพฤกษ",ISNUMBER(SEARCH("CP03",D2471)),"บางใหญ่",ISNUMBER(SEARCH("CP04",D2471)),"บางบอน",OR(ISNUMBER(SEARCH("CP",D2471)),ISNUMBER(SEARCH("BTC",#REF!))),"340",TRUE,"")}
A2472: 20514 | B2472: ยาง% 205R14 | C2472: SAC | D2472: SACT | E2472: เส้น | F2472: 1 | G2472: {=_xlfn.IFS(ISNUMBER(SEARCH("CP02",D2472)),"ราชพฤกษ",ISNUMBER(SEARCH("CP03",D2472)),"บางใหญ่",ISNUMBER(SEARCH("CP04",D2472)),"บางบอน",OR(ISNUMBER(SEARCH("CP",D2472)),ISNUMBER(SEARCH("BTC",#REF!))),"340",TRUE,"")}
A2473: 2054018 | B2473: ยาง% 205/40R18 | C2473: SAC | D2473: SAC-OUT | E2473: เส้น | F2473: 1 | G2473: {=_xlfn.IFS(ISNUMBER(SEARCH("CP02",D2473)),"ราชพฤกษ",ISNUMBER(SEARCH("CP03",D2473)),"บางใหญ่",ISNUMBER(SEARCH("CP04",D2473)),"บางบอน",OR(ISNUMBER(SEARCH("CP",D2473)),ISNUMBER(SEARCH("BTC",#REF!))),"340",TRUE,"")}
A2474: 2054018 | B2474: ยาง% 205/40R18 | C2474: SAC | D2474: SACT | E2474: เส้น | F2474: 1 | G2474: {=_xlfn.IFS(ISNUMBER(SEARCH("CP02",D2474)),"ราชพฤกษ",ISNUMBER(SEARCH("CP03",D2474)),"บางใหญ่",ISNUMBER(SEARCH("CP04",D2474)),"บางบอน",OR(ISNUMBER(SEARCH("CP",D2474)),ISNUMBER(SEARCH("BTC",#REF!))),"340",TRUE,"")}
A2475: 2054517 | B2475: ยาง% 205/45R17 | C2475: SAC | D2475: SACT | E2475: เส้น | F2475: 1 | G2475: {=_xlfn.IFS(ISNUMBER(SEARCH("CP02",D2475)),"ราชพฤกษ",ISNUMBER(SEARCH("CP03",D2475)),"บางใหญ่",ISNUMBER(SEARCH("CP04",D2475)),"บางบอน",OR(ISNUMBER(SEARCH("CP",D2475)),ISNUMBER(SEARCH("BTC",#REF!))),"340",TRUE,"")}
A2476: 2054517 | B2476: ยาง% 205/45R17 | C2476: T011 | D2476: CP04K3 | E2476: เส้น | F2476: 3 | G2476: {=_xlfn.IFS(ISNUMBER(SEARCH("CP02",D2476)),"ราชพฤกษ",ISNUMBER(SEARCH("CP03",D2476)),"บางใหญ่",ISNUMBER(SEARCH("CP04",D2476)),"บางบอน",OR(ISNUMBER(SEARCH("CP",D2476)),ISNUMBER(SEARCH("BTC",#REF!))),"340",TRUE,"")} -> บางบอน
A2477: 2055015 | B2477: ยาง% 205/50R15 | C2477: T007 | D2477: CPK3 | E2477: เส้น | F2477: 2 | G2477: {=_xlfn.IFS(ISNUMBER(SEARCH("CP02",D2477)),"ราชพฤกษ",ISNUMBER(SEARCH("CP03",D2477)),"บางใหญ่",ISNUMBER(SEARCH("CP04",D2477)),"บางบอน",OR(ISNUMBER(SEARCH("CP",D2477)),ISNUMBER(SEARCH("BTC",#REF!))),"340",TRUE,"")} -> 340
A2478: 2055017 | B2478: ยาง% 205/50R17 | C2478: SAC | D2478: SAC-OUT | E2478: เส้น | F2478: 4 | G2478: {=_xlfn.IFS(ISNUMBER(SEARCH("CP02",D2478)),"ราชพฤกษ",ISNUMBER(SEARCH("CP03",D2478)),"บางใหญ่",ISNUMBER(SEARCH("CP04",D2478)),"บางบอน",OR(ISNUMBER(SEARCH("CP",D2478)),ISNUMBER(SEARCH("BTC",#REF!))),"340",TRUE,"")}
A2479: 2055017 | B2479: ยาง% 205/50R17 | C2479: SAC | D2479: SACT | E2479: เส้น | F2479: 6 | G2479: {=_xlfn.IFS(ISNUMBER(SEARCH("CP02",D2479)),"ราชพฤกษ",ISNUMBER(SEARCH("CP03",D2479)),"บางใหญ่",ISNUMBER(SEARCH("CP04",D2479)),"บางบอน",OR(ISNUMBER(SEARCH("CP",D2479)),ISNUMBER(SEARCH("BTC",#REF!))),"340",TRUE,"")}
A2480: 2055516 | B2480: ยาง% 205/55R16 | C2480: SAC | D2480: SACT | E2480: เส้น | F2480: 3 | G2480: {=_xlfn.IFS(ISNUMBER(SEARCH("CP02",D2480)),"ราชพฤกษ",ISNUMBER(SEARCH("CP03",D2480)),"บางใหญ่",ISNUMBER(SEARCH("CP04",D2480)),"บางบอน",OR(ISNUMBER(SEARCH("CP",D2480)),ISNUMBER(SEARCH("BTC",#REF!))),"340",TRUE,"")}
A2481: 2055517 | B2481: ยาง% 205/55R17 | C2481: SAC | D2481: SAC-OUT | E2481: เส้น | F2481: 1 | G2481: {=_xlfn.IFS(ISNUMBER(SEARCH("CP02",D2481)),"ราชพฤกษ",ISNUMBER(SEARCH("CP03",D2481)),"บางใหญ่",ISNUMBER(SEARCH("CP04",D2481)),"บางบอน",OR(ISNUMBER(SEARCH("CP",D2481)),ISNUMBER(SEARCH("BTC",#REF!))),"340",TRUE,"")}
A2482: 2055517 | B2482: ยาง% 205/55R17 | C2482: SAC | D2482: SACT | E2482: เส้น | F2482: 2 | G2482: {=_xlfn.IFS(ISNUMBER(SEARCH("CP02",D2482)),"ราชพฤกษ",ISNUMBER(SEARCH("CP03",D2482)),"บางใหญ่",ISNUMBER(SEARCH("CP04",D2482)),"บางบอน",OR(ISNUMBER(SEARCH("CP",D2482)),ISNUMBER(SEARCH("BTC",#REF!))),"340",TRUE,"")}
A2483: 2056016 | B2483: ยาง% 205/60R16 | C2483: SAC | D2483: SACT | E2483: เส้น | F2483: 30 | G2483: {=_xlfn.IFS(ISNUMBER(SEARCH("CP02",D2483)),"ราชพฤกษ",ISNUMBER(SEARCH("CP03",D2483)),"บางใหญ่",ISNUMBER(SEARCH("CP04",D2483)),"บางบอน",OR(ISNUMBER(SEARCH("CP",D2483)),ISNUMBER(SEARCH("BTC",#REF!))),"340",TRUE,"")}
... A2648: 2854021 | B2648: ยาง% 285/40R21 | C2648: SAC | D2648: SACT | E2648: เส้น | F2648: 7 | G2648: {=_xlfn.IFS(ISNUMBER(SEARCH("CP02",D2648)),"ราชพฤกษ",ISNUMBER(SEARCH("CP03",D2648)),"บางใหญ่",ISNUMBER(SEARCH("CP04",D2648)),"บางบอน",OR(ISNUMBER(SEARCH("CP",D2648)),ISNUMBER(SEARCH("BTC",#REF!))),"340",TRUE,"")}
A2649: 289458900102L | B2649: เครื่องมือเช็คระบบไอเสีย | C2649: HO | D2649: TATA-SV | E2649: ชิ้น | F2649: 1 | G2649: {=_xlfn.IFS(ISNUMBER(SEARCH("CP02",D2649)),"ราชพฤกษ",ISNUMBER(SEARCH("CP03",D2649)),"บางใหญ่",ISNUMBER(SEARCH("CP04",D2649)),"บางบอน",OR(ISNUMBER(SEARCH("CP",D2649)),ISNUMBER(SEARCH("BTC",#REF!))),"340",TRUE,"")}
A2650: 289747997701 | B2650: โอริงสกรูถ่ายเสื้อกรองก๊าซNGV | C2650: TA01 | D2650: TATA01 | E2650: วง | F2650: 3 | G2650: {=_xlfn.IFS(ISNUMBER(SEARCH("CP02",D2650)),"ราชพฤกษ",ISNUMBER(SEARCH("CP03",D2650)),"บางใหญ่",ISNUMBER(SEARCH("CP04",D2650)),"บางบอน",OR(ISNUMBER(SEARCH("CP",D2650)),ISNUMBER(SEARCH("BTC",#REF!))),"340",TRUE,"")}
A2651: 289747997702 | B2651: โอริงสกรูเสื้อไส้กรองก๊าซNGV | C2651: TA01 | D2651: TATA01 | E2651: วง | F2651: 3 | G2651: {=_xlfn.IFS(ISNUMBER(SEARCH("CP02",D2651)),"ราชพฤกษ",ISNUMBER(SEARCH("CP03",D2651)),"บางใหญ่",ISNUMBER(SEARCH("CP04",D2651)),"บางบอน",OR(ISNUMBER(SEARCH("CP",D2651)),ISNUMBER(SEARCH("BTC",#REF!))),"340",TRUE,"")}
A2652: 289747999901 | B2652: ไส้กรองก๊าซNGV | C2652: TA01 | D2652: TATA01 | E2652: อัน | F2652: 3 | G2652: {=_xlfn.IFS(ISNUMBER(SEARCH("CP02",D2652)),"ราชพฤกษ",ISNUMBER(SEARCH("CP03",D2652)),"บางใหญ่",ISNUMBER(SEARCH("CP04",D2652)),"บางบอน",OR(ISNUMBER(SEARCH("CP",D2652)),ISNUMBER(SEARCH("BTC",#REF!))),"340",TRUE,"")}
A2653: 2953020 | B2653: ยาง% 295/30R20 | C2653: SAC | D2653: SACT | E2653: เส้น | F2653: 2 | G2653: {=_xlfn.IFS(ISNUMBER(SEARCH("CP02",D2653)),"ราชพฤกษ",ISNUMBER(SEARCH("CP03",D2653)),"บางใหญ่",ISNUMBER(SEARCH("CP04",D2653)),"บางบอน",OR(ISNUMBER(SEARCH("CP",D2653)),ISNUMBER(SEARCH("BTC",#REF!))),"340",TRUE,"")}
A2654: 2953521 | B2654: ยาง% 295/35R21 | C2654: SAC | D2654: SACT | E2654: เส้น | F2654: 7 | G2654: {=_xlfn.IFS(ISNUMBER(SEARCH("CP02",D2654)),"ราชพฤกษ",ISNUMBER(SEARCH("CP03",D2654)),"บางใหญ่",ISNUMBER(SEARCH("CP04",D2654)),"บางบอน",OR(ISNUMBER(SEARCH("CP",D2654)),ISNUMBER(SEARCH("BTC",#REF!))),"340",TRUE,"")}
A2655: 301-HN-13 | B2655: *ลูกหมากเพลาโบกี้เหล็ก FORG TBR 4581 (111) | C2655: T008 | D2655: BTCA | E2655: ลูก | F2655: 12 | G2655: {=_xlfn.IFS(ISNUMBER(SEARCH("CP02",D2655)),"ราชพฤกษ",ISNUMBER(SEARCH("CP03",D2655)),"บางใหญ่",ISNUMBER(SEARCH("CP04",D2655)),"บางบอน",OR(ISNUMBER(SEARCH("CP",D2655)),ISNUMBER(SEARCH("BTC",#REF!))),"340",TRUE,"")}
A2656: 303-I5-1 | B2656: *หัวคันชัก 1-43150-748/749-1 I/S FRR'08 เกลียวใน | C2656: T008 | D2656: BTCA | E2656: คู่ | F2656: 1 | G2656: {=_xlfn.IFS(ISNUMBER(SEARCH("CP02",D2656)),"ราชพฤกษ",ISNUMBER(SEARCH("CP03",D2656)),"บางใหญ่",ISNUMBER(SEARCH("CP04",D2656)),"บางบอน",OR(ISNUMBER(SEARCH("CP",D2656)),ISNUMBER(SEARCH("BTC",#REF!))),"340",TRUE,"")}
A2657: 303-I5-2 | B2657: *หัวคันชัก-NLR130 08-16-CERA-(L/R)- | C2657: T007 | D2657: CPA | E2657: คู่ | F2657: 3 | G2657: {=_xlfn.IFS(ISNUMBER(SEARCH("CP02",D2657)),"ราชพฤกษ",ISNUMBER(SEARCH("CP03",D2657)),"บางใหญ่",ISNUMBER(SEARCH("CP04",D2657)),"บางบอน",OR(ISNUMBER(SEARCH("CP",D2657)),ISNUMBER(SEARCH("BTC",#REF!))),"340",TRUE,"")} -> 340
A2658: 303-I5-3 | B2658: *คันส่งพวงมาลัย-NLR130-CERA- | C2658: T007 | D2658: CPA | E2658: อัน | F2658: 2 | G2658: {=_xlfn.IFS(ISNUMBER(SEARCH("CP02",D2658)),"ราชพฤกษ",ISNUMBER(SEARCH("CP03",D2658)),"บางใหญ่",ISNUMBER(SEARCH("CP04",D2658)),"บางบอน",OR(ISNUMBER(SEARCH("CP",D2658)),ISNUMBER(SEARCH("BTC",#REF!))),"340",TRUE,"")} -> 340
A2659: 304-HN-10 | B2659: *กรองเครื่อง 15607-2210 HINO คูโร่^WU300^340 | C2659: T008 | D2659: BTCA | E2659: ลูก | F2659: 2 | G2659: {=_xlfn.IFS(ISNUMBER(SEARCH("CP02",D2659)),"ราชพฤกษ",ISNUMBER(SEARCH("CP03",D2659)),"บางใหญ่",ISNUMBER(SEARCH("CP04",D2659)),"บางบอน",OR(ISNUMBER(SEARCH("CP",D2659)),ISNUMBER(SEARCH("BTC",#REF!))),"340",TRUE,"")}
A2660: 304-HN-11 | B2660: *กรองเครื่อง 15607-1731-3 HINO สิงห์ไฮเทค ลูกเดี่ยว | C2660: T008 | D2660: BTCA | E2660: ลูก | F2660: 4 | G2660: {=_xlfn.IFS(ISNUMBER(SEARCH("CP02",D2660)),"ราชพฤกษ",ISNUMBER(SEARCH("CP03",D2660)),"บางใหญ่",ISNUMBER(SEARCH("CP04",D2660)),"บางบอน",OR(ISNUMBER(SEARCH("CP",D2660)),ISNUMBER(SEARCH("BTC",#REF!))),"340",TRUE,"")}
A2661: 304-HN-13 | B2661: *กรองเครื่อง 15607-1390 HINO KM545 กระดาษFB 777 | C2661: T008 | D2661: BTCA | E2661: ลูก | F2661: 8 | G2661: {=_xlfn.IFS(ISNUMBER(SEARCH("CP02",D2661)),"ราชพฤกษ",ISNUMBER(SEARCH("CP03",D2661)),"บางใหญ่",ISNUMBER(SEARCH("CP04",D2661)),"บางบอน",OR(ISNUMBER(SEARCH("CP",D2661)),ISNUMBER(SEARCH("BTC",#REF!))),"340",TRUE,"")}
A2662: 304-HN-14 | B2662: *กรองเครื่อง 15607-2190 HINO JO8JO5C (FMO-241) | C2662: T008 | D2662: BTCA | E2662: ลูก | F2662: 8 | G2662: {=_xlfn.IFS(ISNUMBER(SEARCH("CP02",D2662)),"ราชพฤกษ",ISNUMBER(SEARCH("CP03",D2662)),"บางใหญ่",ISNUMBER(SEARCH("CP04",D2662)),"บางบอน",OR(ISNUMBER(SEARCH("CP",D2662)),ISNUMBER(SEARCH("BTC",#REF!))),"340",TRUE,"")}
A2663: 304-HN-2 | B2663: *กรองเครื่อง 15607-2050 HINOHO7D J08C | C2663: T008 | D2663: BTCA | E2663: ลูก | F2663: 1 | G2663: {=_xlfn.IFS(ISNUMBER(SEARCH("CP02",D2663)),"ราชพฤกษ",ISNUMBER(SEARCH("CP03",D2663)),"บางใหญ่",ISNUMBER(SEARCH("CP04",D2663)),"บางบอน",OR(ISNUMBER(SEARCH("CP",D2663)),ISNUMBER(SEARCH("BTC",#REF!))),"340",TRUE,"")}
A2664: 304-HN-20 | B2664: *กรองเครื่อง 15607-1671 (1840) H/N F18 | C2664: T008 | D2664: BTCA | E2664: ลูก | F2664: 2 | G2664: {=_xlfn.IFS(ISNUMBER(SEARCH("CP02",D2664)),"ราชพฤกษ",ISNUMBER(SEARCH("CP03",D2664)),"บางใหญ่",ISNUMBER(SEARCH("CP04",D2664)),"บางบอน",OR(ISNUMBER(SEARCH("CP",D2664)),ISNUMBER(SEARCH("BTC",#REF!))),"340",TRUE,"")}
A2665: 304-HN-21 | B2665: *กรองเครื่อง 15607-1351 H/N SUMO (EK100) | C2665: T008 | D2665: BTCA | E2665: ลูก | F2665: 8 | G2665: {=_xlfn.IFS(ISNUMBER(SEARCH("CP02",D2665)),"ราชพฤกษ",ISNUMBER(SEARCH("CP03",D2665)),"บางใหญ่",ISNUMBER(SEARCH("CP04",D2665)),"บางบอน",OR(ISNUMBER(SEARCH("CP",D2665)),ISNUMBER(SEARCH("BTC",#REF!))),"340",TRUE,"")}
A2666: 304-HN-22 | B2666: ไส้กรองเครื่อง HINO 23401-11730^23304-EV082^2340-11730 | C2666: T008 | D2666: BTCA | E2666: ลูก | F2666: 6 | G2666: {=_xlfn.IFS(ISNUMBER(SEARCH("CP02",D2666)),"ราชพฤกษ",ISNUMBER(SEARCH("CP03",D2666)),"บางใหญ่",ISNUMBER(SEARCH("CP04",D2666)),"บางบอน",OR(ISNUMBER(SEARCH("CP",D2666)),ISNUMBER(SEARCH("BTC",#REF!))),"340",TRUE,"")}
... A2689: 304-M1-1 | B2689: *กรองเครื่อง ME034611 M/B FN527 | C2689: T008 | D2689: BTCA | E2689: ลูก | F2689: 1 | G2689: {=_xlfn.IFS(ISNUMBER(SEARCH("CP02",D2689)),"ราชพฤกษ",ISNUMBER(SEARCH("CP03",D2689)),"บางใหญ่",ISNUMBER(SEARCH("CP04",D2689)),"บางบอน",OR(ISNUMBER(SEARCH("CP",D2689)),ISNUMBER(SEARCH("BTC",#REF!))),"340",TRUE,"")}
A2690: 3053020 | B2690: ยาง% 305/30R20 | C2690: SAC | D2690: SACT | E2690: เส้น | F2690: 3 | G2690: {=_xlfn.IFS(ISNUMBER(SEARCH("CP02",D2690)),"ราชพฤกษ",ISNUMBER(SEARCH("CP03",D2690)),"บางใหญ่",ISNUMBER(SEARCH("CP04",D2690)),"บางบอน",OR(ISNUMBER(SEARCH("CP",D2690)),ISNUMBER(SEARCH("BTC",#REF!))),"340",TRUE,"")}
A2691: 305-HN-1 | B2691: *กรองโซล่า 9956200200 HINO KM กระดาษ | C2691: T008 | D2691: BTCA | E2691: ลูก | F2691: 2 | G2691: {=_xlfn.IFS(ISNUMBER(SEARCH("CP02",D2691)),"ราชพฤกษ",ISNUMBER(SEARCH("CP03",D2691)),"บางใหญ่",ISNUMBER(SEARCH("CP04",D2691)),"บางบอน",OR(ISNUMBER(SEARCH("CP",D2691)),ISNUMBER(SEARCH("BTC",#REF!))),"340",TRUE,"")}
A2692: 305-HN-10 | B2692: *กรองโซล่า23401-1440(23304-ev071)HINO FC J05-07-08C/12 | C2692: T008 | D2692: BTCA | E2692: ลูก | F2692: 1 | G2692: {=_xlfn.IFS(ISNUMBER(SEARCH("CP02",D2692)),"ราชพฤกษ",ISNUMBER(SEARCH("CP03",D2692)),"บางใหญ่",ISNUMBER(SEARCH("CP04",D2692)),"บางบอน",OR(ISNUMBER(SEARCH("CP",D2692)),ISNUMBER(SEARCH("BTC",#REF!))),"340",TRUE,"")}
A2693: 305-HN-12 | B2693: *กรองโซล่า 23401-1690 HINO P11C-T^E13C-T COMM (FMF-156) | C2693: T008 | D2693: BTCA | E2693: ลูก | F2693: 2 | G2693: {=_xlfn.IFS(ISNUMBER(SEARCH("CP02",D2693)),"ราชพฤกษ",ISNUMBER(SEARCH("CP03",D2693)),"บางใหญ่",ISNUMBER(SEARCH("CP04",D2693)),"บางบอน",OR(ISNUMBER(SEARCH("CP",D2693)),ISNUMBER(SEARCH("BTC",#REF!))),"340",TRUE,"")}
A2694: 305-HN-19 | B2694: *กรองโซล่า S23401-1682 HINO JO8UE COMM FMF-157 (FLOMAX) | C2694: T008 | D2694: BTCA | E2694: ลูก | F2694: 3 | G2694: {=_xlfn.IFS(ISNUMBER(SEARCH("CP02",D2694)),"ราชพฤกษ",ISNUMBER(SEARCH("CP03",D2694)),"บางใหญ่",ISNUMBER(SEARCH("CP04",D2694)),"บางบอน",OR(ISNUMBER(SEARCH("CP",D2694)),ISNUMBER(SEARCH("BTC",#REF!))),"340",TRUE,"")}
A2695: 305-HN-2 | B2695: *กรองโซล่า 23401-1080(1090) HINO EE550-8 สูบ SUMO | C2695: T008 | D2695: BTCA | E2695: ลูก | F2695: 2 | G2695: {=_xlfn.IFS(ISNUMBER(SEARCH("CP02",D2695)),"ราชพฤกษ",ISNUMBER(SEARCH("CP03",D2695)),"บางใหญ่",ISNUMBER(SEARCH("CP04",D2695)),"บางบอน",OR(ISNUMBER(SEARCH("CP",D2695)),ISNUMBER(SEARCH("BTC",#REF!))),"340",TRUE,"")}
A2696: 305-HN-20 | B2696: *กรองโซล่า HN VICTOR FULL 23304-EV430/EV550 (FULL) | C2696: SAC | D2696: Y1 | E2696: ลูก | F2696: 20 | G2696: {=_xlfn.IFS(ISNUMBER(SEARCH("CP02",D2696)),"ราชพฤกษ",ISNUMBER(SEARCH("CP03",D2696)),"บางใหญ่",ISNUMBER(SEARCH("CP04",D2696)),"บางบอน",OR(ISNUMBER(SEARCH("CP",D2696)),ISNUMBER(SEARCH("BTC",#REF!))),"340",TRUE,"")}
A2697: 305-HN-20 | B2697: *กรองโซล่า HN VICTOR FULL 23304-EV430/EV550 (FULL) | C2697: T008 | D2697: BTCA | E2697: ลูก | F2697: 10 | G2697: {=_xlfn.IFS(ISNUMBER(SEARCH("CP02",D2697)),"ราชพฤกษ",ISNUMBER(SEARCH("CP03",D2697)),"บางใหญ่",ISNUMBER(SEARCH("CP04",D2697)),"บางบอน",OR(ISNUMBER(SEARCH("CP",D2697)),ISNUMBER(SEARCH("BTC",#REF!))),"340",TRUE,"")}
A2698: 305-HN-21 | B2698: *กรองโซล่าดักน้ำ HN VICTOR FULL 23304-EV430 EV470 (FULL) | C2698: SAC | D2698: Y1 | E2698: ลูก | F2698: 12 | G2698: {=_xlfn.IFS(ISNUMBER(SEARCH("CP02",D2698)),"ราชพฤกษ",ISNUMBER(SEARCH("CP03",D2698)),"บางใหญ่",ISNUMBER(SEARCH("CP04",D2698)),"บางบอน",OR(ISNUMBER(SEARCH("CP",D2698)),ISNUMBER(SEARCH("BTC",#REF!))),"340",TRUE,"")}
A2699: 305-HN-22 | B2699: *กรองโซล่าดักน้ำ HN VICTOR 23304-EV430 EV470 (FLOMAX)FMF-174 | C2699: T008 | D2699: BTCA | E2699: ลูก | F2699: 12 | G2699: {=_xlfn.IFS(ISNUMBER(SEARCH("CP02",D2699)),"ราชพฤกษ",ISNUMBER(SEARCH("CP03",D2699)),"บางใหญ่",ISNUMBER(SEARCH("CP04",D2699)),"บางบอน",OR(ISNUMBER(SEARCH("CP",D2699)),ISNUMBER(SEARCH("BTC",#REF!))),"340",TRUE,"")}
A2700: 305-HN-4 | B2700: *กรองโซล่า 23401-1132 HINO KM777 1120-1 | C2700: T008 | D2700: BTCA | E2700: ลูก | F2700: 2 | G2700: {=_xlfn.IFS(ISNUMBER(SEARCH("CP02",D2700)),"ราชพฤกษ",ISNUMBER(SEARCH("CP03",D2700)),"บางใหญ่",ISNUMBER(SEARCH("CP04",D2700)),"บางบอน",OR(ISNUMBER(SEARCH("CP",D2700)),ISNUMBER(SEARCH("BTC",#REF!))),"340",TRUE,"")}
A2701: 305-HN-6 | B2701: *กรองโซล่า 23401-1332(1480)1550 HINO FM18 เทอร์โบ^สิงห์ไฮเทค | C2701: T008 | D2701: BTCA | E2701: ลูก | F2701: 3 | G2701: {=_xlfn.IFS(ISNUMBER(SEARCH("CP02",D2701)),"ราชพฤกษ",ISNUMBER(SEARCH("CP03",D2701)),"บางใหญ่",ISNUMBER(SEARCH("CP04",D2701)),"บางบอน",OR(ISNUMBER(SEARCH("CP",D2701)),ISNUMBER(SEARCH("BTC",#REF!))),"340",TRUE,"")}
...

Sheet UPDATE รหัสสินค้า
A1: รหัสสินค้า | B1: รายละเอียดสินค้า
A2: 019-I5-1 | B2: * แร็ค 111 SR-5470 I/S D-MAX ALL NEW 2WD12-on*M14
A3: 077-T2-114 | B3: * ดิสเบรคหน้า DPX-694 T/A HILUX REVO 2WD (F)
A4: 131-10-23 | B4: *555 SL-3880ลูกหมากกันโคลงT/YVIGO 2 WD(48820-0X010^0K010)
A5: 133-T2-4 | B5: *90916-T2006 สายพานเครื่อง VIGO แท้ (7PK1516 BANDO)
A6: 128-CMF-56638 | B6: *SOLITE แบตแห้ง CMF DIN66L L3
A7: 128-UMF-56219 | B7: *SOLITE แบตแห้ง Silver DIN65L L2
A8: 128-GS-LN1 | B8: *แบตเตอรี่ BAGS LN1-DIN55-DURA -55 แอมป์/ชั่วโม ขัวจม
A9: 128-GS-LN3 | B9: *แบตเตอรี่ BAGS LN3-MF-75 แอมป์/ชม. - ขั้วบวกซ้ายใหญ่
A10: 128-GS-LN2 | B10: *แบตเตอรี่ GS BAGS LN2 MF 65แอมป์/ชั่วโมง
A11: 128-GS-MFX90L | B11: *แบตเตอรี่ GS BAGS MFX-90L 75-80 แอมป์/ชั่วโมง
A12: 128-GS-MFX180L | B12: *แบตเตอรี่แห้ง GS BAGS MFX-180L-80แอมป์/ชั่วโมง
... A856: A008-1-1 | B856: จารบีเพลาขับ
A857: 9002 | B857: จำนวนรถเข้า
A858: J034 | B858: จุ๊ปเเลส วอนเตอร์ TR415 จุ๊ปหัวโต TATA
A859: A340-M4-26 | B859: ชุดเกียร์ MAZDA BT50
A860: A340-T2-352 | B860: ชุดกิ๊บล็อคผ้าเบรค TOYOTA REVO ปี 2020
A861: A048-M4-2 | B861: ชุดซ่อม M/D BT50
A862: A048-T2-16 | B862: ชุดซ่อมเบรค T/Y REVO ปี 2010-2020 (YBK)
A863: A048-T2-62 | B863: ชุดซ่อมเบรค TOYOTA REVO ปี 2020
A864: A048-T2-63 | B864: ชุดซ่อมไดร์ชารจ์ T/Y REVO
A865: A048-H11-6 | B865: ชุดซ่อมดิสเบรค H/D CITY ปี 2010-2020
A866: A048-N3-3 | B866: ชุดซ่อมดิสเบรค N/S NAVARA NP300
A867: 308-I5-27 | B867: ชุดสลักเพลาหน้า MRK NPR'06^NPR501 MRK-MI-11
A868: A039-T2-37 | B868: ซีลเพลาขับ T/Y ALTIS
A869: A039-T2-76 | B869: ซีลราวลิ้น T/Y VIGO COMMUTER ปี 2010-2020
... A1291: A340-M1-21 | B1291: อ่างน้ำมันเครื่อง M/B TRITON
